,ts_code,name,start_date,end_date,ann_date,change_reason
0,600732.SH,ST爱旭,20191227,,20191224,改名
1,600060.SH,海信视像,20191226,,20191221,改名
2,600290.SH,ST华仪,20191226,,20191225,ST
3,000785.SZ,居然之家,20191226,,20191226,改名
4,000796.SZ,凯撒旅业,20191225,,20191225,改名
5,600423.SH,ST柳化,20191220,,20191219,摘星
6,300470.SZ,中密控股,20191217,,20191217,改名
7,000043.SZ,招商积余,20191216,,20191206,改名
8,001914.SZ,招商积余,20191216,,20191206,改名
9,002459.SZ,晶澳科技,20191213,,20191213,改名
10,600240.SH,退市华业,20191212,,20191205,终止上市
11,002323.SZ,ST百特,20191204,,20191203,摘星
12,300786.SZ,国林科技,20191127,,20191127,其他
13,000018.SZ,神城A退,20191125,,20191116,终止上市
14,603779.SH,ST威龙,20191125,,20191122,ST
15,600266.SH,城建发展,20191122,,20191119,改名
16,000403.SZ,双林生物,20191119,,20191119,改名
17,603810.SH,丰山集团,20191114,,20191113,撤销ST
18,300425.SZ,中建环能,20191107,,20191107,改名
19,600319.SH,ST亚星,20191104,,20191101,ST
20,000603.SZ,盛达资源,20191029,,20191029,改名
21,300635.SZ,中达安,20191029,,20191029,改名
22,600747.SH,退市大控,20191028,,20191019,终止上市
23,000793.SZ,华闻集团,20191025,,20191025,其他
24,300434.SZ,金石亚药,20191025,,20191025,改名
25,002143.SZ,退市印记,20191018,,20191011,终止上市
26,002143.SZ,印纪退,20191018,,20191011,终止上市
27,002435.SZ,长江健康,20191018,,20191018,改名
28,000975.SZ,银泰黄金,20191017,,20191017,改名
29,002680.SZ,长生退（退市）,20191016,,20191009,终止上市
30,002680.SZ,长生退,20191016,,20191009,终止上市
31,000048.SZ,康达尔,20191015,,20191014,撤销*ST
32,002398.SZ,垒知集团,20191015,,20191015,改名
33,000708.SZ,中信特钢,20191011,,20191011,改名
34,002716.SZ,ST金贵,20191009,,20191008,ST
35,601113.SH,ST华鼎,20191009,,20191008,ST
36,000893.SZ,东凌国际,20191008,,20190930,撤销*ST
37,300103.SZ,达刚控股,20191008,,20191001,改名
38,002423.SZ,中粮资本,20191008,,20191008,改名
39,600615.SH,丰华股份,20190930,,20190927,撤销ST
40,603300.SH,华铁应急,20190926,,20190924,改名
41,000409.SZ,ST地矿,20190926,,20190925,摘星
42,600877.SH,*ST电能,20190925,,20190920,改名
43,000930.SZ,中粮科技,20190925,,20190925,改名
44,600579.SH,克劳斯,20190919,,20190913,改名
45,002018.SZ,华信退,20190912,,20190905,终止上市
46,600575.SH,淮河能源,20190911,,20190906,改名
47,601258.SH,*ST庞大,20190909,,20190906,*ST
48,601258.SH,*ST庞大,20190906,,20190906,*ST
49,600754.SH,锦江酒店,20190905,,20190831,改名
50,600781.SH,ST辅仁,20190903,,20190831,ST
51,603220.SH,中贝通信,20190830,,20190827,改名
52,002605.SZ,姚记科技,20190828,,20190828,改名
53,002477.SZ,雏鹰退,20190827,,20190820,终止上市
54,600502.SH,安徽建工,20190826,,20190821,改名
55,000585.SZ,ST东电,20190821,,20190820,摘星
56,000410.SZ,*ST沈机,20190820,,20190819,*ST
57,002756.SZ,永兴材料,20190819,,20190819,改名
58,603536.SH,惠发食品,20190816,,20190810,其他
59,002194.SZ,武汉凡谷,20190815,,20190814,撤销*ST
60,002501.SZ,*ST利源,20190814,,20190814,ST
61,603188.SH,ST亚邦,20190813,,20190810,ST
62,600856.SH,ST中天,20190812,,20190809,ST
63,002306.SZ,ST云网,20190801,,20190731,摘星
64,002502.SZ,鼎龙文化,20190718,,20190718,改名
65,300143.SZ,盈康生命,20190717,,20190717,改名
66,603810.SH,ST丰山,20190716,20191113,20190715,ST
67,600223.SH,鲁商发展,20190712,,20190709,改名
68,000816.SZ,ST慧业,20190710,,20190709,摘星
69,000826.SZ,启迪环境,20190710,,20190710,改名
70,300343.SZ,联创股份,20190708,,20190706,改名
71,000510.SZ,新金路,20190705,,20190705,改名
72,000779.SZ,甘咨询,20190703,,20190703,改名
73,600378.SH,昊华科技,20190701,,20190626,改名
74,600690.SH,海尔智家,20190701,,20190626,改名
75,600346.SH,恒力石化,20190628,,20190625,其他
76,002189.SZ,中光学,20190628,,20190628,改名
77,603518.SH,锦泓集团,20190626,,20190621,改名
78,002015.SZ,协鑫能科,20190626,,20190626,改名
79,603518.SH,锦泓集团,20190620,,20190620,改名
80,600179.SH,ST安通,20190619,,20190618,ST
81,002282.SZ,博深股份,20190612,,20190612,改名
82,002757.SZ,南兴股份,20190612,,20190612,其他
83,300189.SZ,神农科技,20190606,,20190606,改名
84,002692.SZ,ST远程,20190604,,20190603,ST
85,002380.SZ,科远智慧,20190531,,20190531,改名
86,002536.SZ,飞龙股份,20190530,,20190530,改名
87,603996.SH,ST中新,20190529,,20190528,ST
88,002586.SZ,ST围海,20190529,,20190528,ST
89,002220.SZ,ST天宝,20190528,,20190527,ST
90,000693.SZ,华泽退,20190527,,20190518,终止上市
91,600401.SH,退市海润,20190527,,20190518,终止上市
92,002070.SZ,众和退,20190527,,20190518,终止上市
93,600112.SH,ST天成,20190524,,20190523,ST
94,600518.SH,ST康美,20190521,,20190518,ST
95,300057.SZ,万顺新材,20190520,,20190518,改名
96,002359.SZ,*ST北讯,20190510,,20190510,ST
97,600247.SH,ST成城,20190509,,20190508,摘星
98,000589.SZ,贵州轮胎,20190508,,20190508,其他
99,600778.SH,友好集团,20190507,,20190501,撤销*ST
100,600209.SH,ST罗顿,20190507,,20190501,摘星
101,000611.SZ,*ST天首,20190506,,20190430,*ST
102,000752.SZ,*ST西发,20190506,,20190430,*ST
103,000820.SZ,*ST节能,20190506,,20190430,*ST
104,600652.SH,*ST游久,20190506,,20190430,*ST
105,600687.SH,*ST刚泰,20190506,,20190430,*ST
106,002072.SZ,*ST凯瑞,20190506,,20190430,*ST
107,002089.SZ,*ST新海,20190506,,20190430,*ST
108,002210.SZ,*ST飞马,20190506,,20190430,*ST
109,002356.SZ,*ST赫美,20190506,,20190430,*ST
110,002450.SZ,*ST康得,20190506,,20190430,*ST
111,002711.SZ,*ST欧浦,20190506,,20190430,*ST
112,002766.SZ,*ST索菱,20190506,,20190430,*ST
113,000981.SZ,ST银亿,20190506,,20190430,ST
114,600462.SH,*ST九有,20190506,,20190430,*ST
115,002259.SZ,*ST升达,20190506,,20190430,*ST
116,002684.SZ,*ST猛狮,20190506,,20190430,*ST
117,600654.SH,*ST中安,20190506,,20190430,*ST
118,600891.SH,*ST秋林,20190506,,20190430,*ST
119,600595.SH,*ST中孚,20190506,,20190430,*ST
120,000760.SZ,*ST斯太,20190506,,20190430,*ST
121,002290.SZ,*ST中科,20190506,,20190430,*ST
122,000504.SZ,*ST生物,20190506,,20190430,*ST
123,600119.SH,*ST长投,20190506,,20190430,*ST
124,002333.SZ,*ST罗普,20190506,,20190430,*ST
125,002359.SZ,*ST北讯,20190506,,20190430,*ST
126,002501.SZ,*ST利源,20190506,,20190430,*ST
127,600747.SH,*ST大控,20190506,20191027,20190430,*ST
128,000018.SZ,*ST神城,20190506,20191124,20190430,*ST
129,000792.SZ,*ST盐湖,20190430,,20190427,*ST
130,000971.SZ,*ST高升,20190430,,20190427,*ST
131,002021.SZ,*ST中捷,20190430,,20190427,*ST
132,002420.SZ,*ST毅昌,20190430,,20190427,*ST
133,600721.SH,*ST百花,20190430,,20190429,*ST
134,600815.SH,*ST厦工,20190430,,20190429,*ST
135,000571.SZ,*ST大洲,20190430,,20190429,*ST
136,600485.SH,*ST信威,20190430,,20190429,*ST
137,002005.SZ,*ST德豪,20190430,,20190429,*ST
138,600726.SH,*ST华源,20190430,,20190429,*ST
139,002569.SZ,*ST步森,20190430,,20190429,*ST
140,002629.SZ,*ST仁智,20190430,,20190429,*ST
141,002929.SZ,润建股份,20190430,,20190430,改名
142,002143.SZ,*ST印纪,20190430,20191017,20190429,*ST
143,600240.SH,*ST华业,20190430,20191211,20190429,*ST
144,600186.SH,*ST莲花,20190429,,20190426,*ST
145,600234.SH,*ST山水,20190429,,20190426,*ST
146,600614.SH,*ST鹏起,20190429,,20190426,*ST
147,600396.SH,*ST金山,20190429,,20190426,*ST
148,600666.SH,*ST瑞德,20190429,,20190426,*ST
149,600421.SH,*ST仰帆,20190429,,20190426,*ST
150,002872.SZ,*ST天圣,20190429,,20190426,*ST
151,002175.SZ,*ST东网,20190429,,20190426,*ST
152,600615.SH,ST丰华,20190429,20190929,20190426,ST
153,601975.SH,招商南油,20190426,,20190423,改名
154,600385.SH,*ST金泰,20190426,,20190425,*ST
155,002499.SZ,*ST科林,20190426,,20190425,*ST
156,000720.SZ,新能泰山,20190426,,20190425,撤销*ST
157,000010.SZ,*ST美丽,20190426,,20190425,*ST
158,000422.SZ,ST宜化,20190426,,20190425,摘星
159,000707.SZ,ST双环,20190426,,20190425,摘星
160,002200.SZ,*ST云投,20190426,,20190425,*ST
161,002289.SZ,*ST宇顺,20190426,,20190425,*ST
162,002642.SZ,*ST荣联,20190426,,20190425,*ST
163,600084.SH,*ST中葡,20190426,,20190425,*ST
164,600238.SH,ST椰岛,20190426,,20190425,摘星
165,002477.SZ,*ST雏鹰,20190426,20190826,20190425,*ST
166,000572.SZ,*ST海马,20190424,,20190423,*ST
167,601798.SH,ST蓝科,20190424,,20190423,摘星
168,000670.SZ,*ST盈方,20190424,,20190423,*ST
169,600198.SH,大唐电信,20190424,,20190423,撤销*ST
170,002711.SZ,ST欧浦,20190424,20190505,20190423,ST
171,600807.SH,ST天业,20190423,,20190420,摘星
172,600397.SH,安源煤业,20190422,,20190419,撤销*ST
173,600526.SH,*ST菲达,20190422,,20190419,*ST
174,300162.SZ,雷曼光电,20190422,,20190420,其他
175,002570.SZ,贝因美,20190418,,20190417,撤销*ST
176,000737.SZ,ST南风,20190418,,20190417,摘星
177,000868.SZ,*ST安凯,20190417,,20190416,*ST
178,002336.SZ,*ST人乐,20190417,,20190416,*ST
179,002621.SZ,美吉姆,20190417,,20190417,其他
180,002282.SZ,博深股份,20190416,,20190416,改名
181,000571.SZ,ST大洲,20190416,20190429,20190415,ST
182,600673.SH,东阳光,20190415,,20190409,改名
183,000912.SZ,泸天化,20190415,,20190412,撤销*ST
184,601975.SH,招商南油,20190413,,20190413,改名
185,000820.SZ,ST节能,20190412,20190505,20190411,ST
186,600687.SH,ST刚泰,20190412,20190505,20190411,*ST
187,600749.SH,西藏旅游,20190410,,20190409,撤销*ST
188,600891.SH,ST秋林,20190410,20190505,20190409,*ST
189,000752.SZ,ST西发,20190410,20190505,20190409,ST
190,000655.SZ,金岭矿业,20190409,,20190408,撤销*ST
191,600870.SH,ST厦华,20190409,,20190405,摘星
192,600399.SH,ST抚钢,20190408,,20190404,摘星
193,600539.SH,ST狮头,20190408,,20190404,摘星
194,600896.SH,览海投资,20190408,,20190404,撤销*ST
195,002143.SZ,ST印纪,20190408,20190429,20190404,ST
196,000911.SZ,*ST南糖,20190404,,20190403,*ST
197,600202.SH,哈空调,20190402,,20190401,撤销*ST
198,600871.SH,石化油服,20190402,,20190401,撤销*ST
199,600321.SH,ST正源,20190401,,20190329,摘星
200,600698.SH,*ST天雁,20190329,,20190328,*ST
201,000806.SZ,ST银河,20190329,,20190328,*ST
202,600150.SH,中国船舶,20190329,,20190328,撤销*ST
203,601975.SH,长航油运,20190329,20190425,20190328,撤销ST
204,600193.SH,ST创兴,20190328,,20190327,摘星
205,600408.SH,ST安泰,20190328,,20190327,摘星
206,002113.SZ,ST天润,20190328,,20190327,ST
207,000971.SZ,ST高升,20190328,20190429,20190327,*ST
208,002456.SZ,欧菲光,20190327,,20190327,改名
209,000031.SZ,大悦城,20190327,,20190327,改名
210,000670.SZ,ST盈方,20190327,20190423,20190326,ST
211,603323.SH,苏农银行,20190326,,20190321,改名
212,600877.SH,*ST嘉陵,20190326,20190924,20190325,*ST
213,002190.SZ,*ST集成,20190325,,20190322,*ST
214,000897.SZ,*ST津滨,20190321,,20190320,*ST
215,002473.SZ,圣莱达,20190319,,20190318,撤销*ST
216,600882.SH,妙可蓝多,20190315,,20190312,改名
217,000953.SZ,*ST河化,20190313,,20190312,*ST
218,600580.SH,卧龙电驱,20190311,,20190306,改名
219,002755.SZ,奥赛康,20190311,,20190311,改名
220,002552.SZ,宝鼎科技,20190306,,20190305,撤销*ST
221,000533.SZ,顺钠股份,20190228,,20190228,改名
222,000019.SZ,深粮控股,20190228,,20190228,改名
223,300176.SZ,派生科技,20190225,,20190223,改名
224,002607.SZ,中公教育,20190221,,20190221,改名
225,002086.SZ,ST东海洋,20190218,,20190215,ST
226,300443.SZ,金雷股份,20190218,,20190216,改名
227,002168.SZ,惠程科技,20190213,,20190213,改名
228,300208.SZ,青岛中程,20190212,,20190212,改名
229,002496.SZ,辉丰股份,20190211,,20190201,撤销ST
230,603299.SH,苏盐井神,20190131,,20190126,改名
231,300513.SZ,恒实科技,20190131,,20190131,其他
232,300451.SZ,创业慧康,20190130,,20190130,改名
233,002450.SZ,ST康得新,20190123,20190505,20190122,ST
234,300341.SZ,麦克奥迪,20190122,,20190122,其他
235,002692.SZ,远程股份,20190121,20190603,20190121,改名
236,300247.SZ,融捷健康,20190115,,20190115,改名
237,600462.SH,ST九有,20190115,20190505,20190114,ST
238,000553.SZ,安道麦A,20190110,,20190110,改名
239,601975.SH,ST长油,20190108,20190328,20181228,ST
240,000022.SZ,招商港口,20181226,,20181221,改名
241,001872.SZ,招商港口,20181225,,20181214,改名
242,300403.SZ,汉宇集团,20181224,,20181222,改名
243,603117.SH,万林物流,20181218,,20181214,改名
244,300756.SZ,中山金马,20181217,,20181217,其他
245,002389.SZ,航天彩虹,20181213,,20181213,改名
246,000889.SZ,中嘉博创,20181211,,20181211,改名
247,603185.SH,上机数控,20181210,,20181210,其他
248,603185.SH,上机数控,20181207,,20181207,其他
249,002945.SZ,华林证券,20181207,,20181207,其他
250,002147.SZ,ST新光,20181204,,20181203,ST
251,002147.SZ,ST新光,20181203,,20181203,改名
252,603629.SH,利通电子,20181203,,20181203,其他
253,002948.SZ,青岛银行,20181130,,20181130,其他
254,000922.SZ,佳电股份,20181127,,20181126,撤销*ST
255,000403.SZ,振兴生化,20181122,20191118,20181121,撤销ST
256,000979.SZ,中弘退,20181116,,20181109,终止上市
257,000755.SZ,山西路桥,20181114,,20181113,摘星改名
258,000415.SZ,渤海租赁,20181114,,20181114,改名
259,601058.SH,赛轮轮胎,20181107,,20181101,改名
260,603188.SH,亚邦股份,20181107,20190812,20181106,撤销ST
261,603333.SH,尚纬股份,20181106,,20181101,改名
262,000697.SZ,炼石航空,20181106,,20181106,改名
263,002680.SZ,*ST长生,20181105,20191015,20181102,*ST
264,600661.SH,昂立教育,20181102,,20181030,改名
265,000972.SZ,ST中基,20181102,,20181101,摘星
266,300317.SZ,珈伟新能,20181101,,20181101,改名
267,002445.SZ,ST中南,20181031,,20181030,ST
268,002411.SZ,延安必康,20181030,,20181030,改名
269,000803.SZ,金宇车城,20181029,,20181026,撤销*ST
270,600985.SH,淮北矿业,20181018,,20181012,改名
271,002812.SZ,恩捷股份,20181018,,20181018,改名
272,000836.SZ,富通鑫茂,20181017,,20181017,改名
273,002102.SZ,ST冠福,20181016,,20181015,ST
274,000921.SZ,海信家电,20181016,,20181016,改名
275,002808.SZ,恒久科技,20181016,,20181016,改名
276,300038.SZ,数知科技,20181012,,20181012,改名
277,002247.SZ,聚力文化,20181009,,20181009,改名
278,002259.SZ,ST升达,20181009,20190505,20181008,ST
279,000155.SZ,川能动力,20181008,,20180929,改名
280,600733.SH,北汽蓝谷,20180927,,20180926,完成股改
281,000301.SZ,东方盛虹,20180927,,20180927,改名
282,000885.SZ,城发环境,20180917,,20180917,改名
283,300263.SZ,隆华科技,20180914,,20180914,改名
284,300736.SZ,百邦科技,20180913,,20180913,其他
285,300022.SZ,吉峰科技,20180913,,20180913,改名
286,002207.SZ,ST准油,20180911,,20180910,摘星
287,002172.SZ,澳洋健康,20180910,,20180908,改名
288,600733.SH,S蓝谷,20180831,20180926,20180830,其他
289,603801.SH,志邦家居,20180830,,20180824,改名
290,002529.SZ,海源复材,20180830,,20180830,改名
291,000950.SZ,重药控股,20180828,,20180820,其他
292,000629.SZ,攀钢钒钛,20180824,,20180816,其他
293,300510.SZ,金冠股份,20180816,,20180816,其他
294,603188.SH,ST亚邦,20180814,20181106,20180813,ST
295,002496.SZ,ST辉丰,20180814,20190210,20180813,ST
296,603339.SH,四方科技,20180810,,20180804,改名
297,600387.SH,海越能源,20180808,,20180804,改名
298,300028.SZ,金亚科技,20180808,,20180808,其他
299,000688.SZ,国城矿业,20180803,,20180803,改名
300,002647.SZ,仁东控股,20180803,,20180803,改名
301,300413.SZ,芒果超媒,20180802,,20180802,改名
302,300280.SZ,紫天科技,20180731,,20180731,改名
303,002680.SZ,ST长生,20180726,20181104,20180725,ST
304,603869.SH,新智认知,20180725,,20180717,改名
305,000833.SZ,粤桂股份,20180724,,20180724,改名
306,300272.SZ,开能健康,20180716,,20180714,改名
307,000404.SZ,长虹华意,20180713,,20180713,改名
308,603359.SH,东珠生态,20180713,,20180710,改名
309,600155.SH,华创阳安,20180712,,20180707,改名
310,002323.SZ,*ST百特,20180706,20191203,20180705,*ST
311,000521.SZ,长虹美菱,20180703,,20180703,改名
312,000606.SZ,顺利办,20180703,,20180703,改名
313,300559.SZ,佳发教育,20180702,,20180630,改名
314,002298.SZ,中电兴发,20180702,,20180702,其他
315,000939.SZ,*ST凯迪,20180702,,20180629,*ST
316,600610.SH,*ST毅达,20180702,,20180629,*ST
317,000048.SZ,*ST康达,20180702,20191014,20180629,*ST
318,300120.SZ,经纬辉开,20180629,,20180629,改名
319,300028.SZ,*金亚,20180627,20180807,20180627,*ST
320,002453.SZ,华软科技,20180627,,20180627,改名
321,600399.SH,*ST抚钢,20180627,20190407,20180626,*ST
322,600227.SH,圣济堂,20180625,,20180620,改名
323,000409.SZ,*ST地矿,20180625,20190925,20180622,*ST
324,002313.SZ,日海智能,20180622,,20180622,改名
325,600152.SH,维科技术,20180619,,20180613,改名
326,002387.SZ,维信诺,20180619,,20180619,改名
327,600696.SH,ST岩石,20180619,,20180612,改名
328,300149.SZ,量子生物,20180614,,20180614,其他
329,300527.SZ,中国应急,20180612,,20180612,改名
330,000809.SZ,铁岭新城,20180611,,20180608,撤销*ST
331,000953.SZ,ST河化,20180611,20190312,20180608,摘星
332,002316.SZ,亚联发展,20180608,,20180608,改名
333,603368.SH,柳药股份,20180608,,20180602,其他
334,600960.SH,渤海汽车,20180606,,20180602,改名
335,000511.SZ,烯碳退,20180605,,20180529,终止上市
336,000043.SZ,中航善达,20180601,20191215,20180601,改名
337,001914.SZ,中航善达,20180601,20191215,20180601,改名
338,600432.SH,退市吉恩,20180530,,20180523,终止上市
339,600806.SH,退市昆机,20180530,,20180523,终止上市
340,000503.SZ,国新健康,20180525,,20180525,改名
341,300282.SZ,三盛教育,20180523,,20180523,改名
342,000526.SZ,紫光学大,20180523,,20180522,撤销*ST
343,300242.SZ,佳云科技,20180522,,20180522,改名
344,000595.SZ,宝塔实业,20180518,,20180517,撤销*ST
345,600057.SH,厦门象屿,20180517,,20180512,改名
346,002798.SZ,帝欧家居,20180514,,20180514,改名
347,300176.SZ,鸿特科技,20180514,20190224,20180512,改名
348,000780.SZ,平庄能源,20180511,,20180510,撤销*ST
349,002504.SZ,弘高创意,20180511,,20180510,撤销*ST
350,601519.SH,大智慧,20180510,,20180509,撤销*ST
351,600149.SH,ST坊展,20180510,,20180509,摘星
352,600228.SH,ST昌九,20180510,,20180509,摘星
353,600654.SH,ST中安,20180510,20190505,20180509,摘星
354,600747.SH,ST大控,20180510,20190505,20180509,摘星
355,002312.SZ,三泰控股,20180509,,20180508,撤销*ST
356,600817.SH,ST宏盛,20180509,,20180508,摘星
357,600275.SH,ST昌鱼,20180509,,20180508,摘星
358,600847.SH,万里股份,20180509,,20180508,撤销*ST
359,601106.SH,中国一重,20180509,,20180508,撤销*ST
360,600815.SH,厦工股份,20180509,20190429,20180508,撤销*ST
361,002049.SZ,紫光国微,20180508,,20180508,改名
362,600751.SH,海航科技,20180508,,20180503,改名
363,600225.SH,天津松江,20180507,,20180504,撤销*ST
364,600112.SH,天成控股,20180507,20190523,20180504,撤销*ST
365,000995.SZ,*ST皇台,20180503,,20180428,*ST
366,600701.SH,*ST工新,20180503,,20180502,*ST
367,600074.SH,*ST保千,20180503,,20180502,*ST
368,002427.SZ,*ST尤夫,20180503,,20180502,*ST
369,600634.SH,*ST富控,20180503,,20180502,*ST
370,002122.SZ,*ST天马,20180503,,20180502,*ST
371,600425.SH,青松建化,20180503,,20180502,撤销*ST
372,002552.SZ,*ST宝鼎,20180503,20190305,20180502,*ST
373,600193.SH,*ST创兴,20180503,20190327,20180502,*ST
374,600896.SH,*ST海投,20180503,20190407,20180502,*ST
375,600807.SH,*ST天业,20180503,20190422,20180428,*ST
376,600247.SH,*ST成城,20180503,20190508,20180502,*ST
377,000893.SZ,*ST东凌,20180503,20191007,20180428,*ST
378,002188.SZ,*ST巴士,20180502,,20180427,*ST
379,002260.SZ,*ST德奥,20180502,,20180427,*ST
380,000560.SZ,我爱我家,20180502,,20180428,改名
381,002604.SZ,*ST龙力,20180502,,20180427,*ST
382,002263.SZ,*ST东南,20180502,,20180427,*ST
383,600636.SH,三爱富,20180502,,20180427,撤销*ST
384,600749.SH,*ST藏旅,20180502,20190409,20180427,*ST
385,000707.SZ,*ST双环,20180502,20190425,20180427,*ST
386,002018.SZ,*ST华信,20180502,20190911,20180427,*ST
387,600870.SH,*ST厦华,20180427,20190408,20180426,*ST
388,002570.SZ,*ST因美,20180427,20190417,20180426,*ST
389,600198.SH,*ST大唐,20180427,20190423,20180426,*ST
390,000816.SZ,*ST慧业,20180427,20190709,20180426,*ST
391,002194.SZ,*ST凡谷,20180427,20190814,20180426,*ST
392,600289.SH,*ST信通,20180426,,20180425,*ST
393,600238.SH,*ST椰岛,20180426,20190425,20180425,*ST
394,600778.SH,*ST友好,20180426,20190506,20180425,*ST
395,000659.SZ,珠海中富,20180425,,20180424,撤销*ST
396,600202.SH,*ST哈空,20180425,20190401,20180424,*ST
397,600539.SH,*ST狮头,20180425,20190407,20180424,*ST
398,601798.SH,*ST蓝科,20180425,20190423,20180424,*ST
399,600408.SH,*ST安泰,20180424,20190327,20180423,*ST
400,600150.SH,*ST船舶,20180424,20190328,20180423,*ST
401,000422.SZ,*ST宜化,20180424,20190425,20180421,*ST
402,600209.SH,*ST罗顿,20180424,20190506,20180423,*ST
403,000818.SZ,航锦科技,20180423,,20180421,改名
404,000720.SZ,*ST新能,20180423,20190425,20180420,*ST
405,002134.SZ,天津普林,20180419,,20180418,撤销*ST
406,300701.SZ,森霸传感,20180419,,20180419,改名
407,600397.SH,*ST安煤,20180419,20190421,20180418,*ST
408,002248.SZ,华东数控,20180416,,20180413,撤销*ST
409,002490.SZ,山东墨龙,20180416,,20180413,撤销*ST
410,000655.SZ,*ST金岭,20180413,20190408,20180412,*ST
411,600121.SH,郑州煤电,20180412,,20180411,撤销*ST
412,600767.SH,ST运盛,20180412,,20180411,摘星
413,601558.SH,ST锐电,20180412,,20180411,摘星
414,600403.SH,大有能源,20180412,,20180411,撤销*ST
415,600321.SH,*ST正源,20180412,20190331,20180411,*ST
416,002571.SZ,德力股份,20180410,,20180409,撤销*ST
417,600540.SH,新赛股份,20180409,,20180404,撤销*ST
418,600608.SH,ST沪科,20180404,,20180403,摘星
419,600860.SH,京城股份,20180404,,20180403,撤销*ST
420,600877.SH,ST嘉陵,20180403,20190325,20180402,摘星
421,000585.SZ,*ST东电,20180402,20190820,20180330,*ST
422,002400.SZ,省广集团,20180330,,20180330,其他
423,600871.SH,*ST油服,20180329,20190401,20180328,*ST
424,600710.SH,苏美达,20180328,,20180327,其他
425,300344.SZ,太空智造,20180321,,20180321,改名
426,000613.SZ,大东海A,20180315,,20180314,撤销*ST
427,000505.SZ,京粮控股,20180313,,20180313,改名
428,000932.SZ,华菱钢铁,20180309,,20180308,撤销*ST
429,601005.SH,重庆钢铁,20180309,,20180308,撤销*ST
430,002600.SZ,领益智造,20180308,,20180308,改名
431,300427.SZ,红相股份,20180308,,20180308,改名
432,000609.SZ,中迪投资,20180302,,20180302,改名
433,600844.SH,丹化科技,20180302,,20180301,撤销*ST
434,002717.SZ,岭南股份,20180301,,20180301,改名
435,000410.SZ,沈阳机床,20180301,20190819,20180228,撤销*ST
436,601360.SH,三六零,20180226,,20180202,改名
437,600733.SH,SST前锋,20180222,20180830,20180214,摘星
438,000737.SZ,*ST南风,20180214,20190417,20180213,*ST
439,002417.SZ,深南股份,20180209,,20180209,改名
440,600696.SH,ST匹凸,20180209,20180618,20180208,摘星
441,002188.SZ,ST巴士,20180208,20180501,20180207,ST
442,002427.SZ,ST尤夫,20180208,20180502,20180207,ST
443,002024.SZ,苏宁易购,20180207,,20180207,改名
444,603399.SH,吉翔股份,20180206,,20180131,改名
445,002447.SZ,晨鑫科技,20180202,,20180202,改名
446,600702.SH,舍得酒业,20180201,,20180126,改名
447,002084.SZ,海鸥住工,20180131,,20180131,改名
448,600764.SH,中国海防,20180130,,20180125,改名
449,300420.SZ,五洋停车,20180130,,20180130,改名
450,300123.SZ,亚光科技,20180125,,20180125,改名
451,002659.SZ,凯文教育,20180124,,20180124,改名
452,002082.SZ,万邦德,20180124,,20180124,改名
453,601992.SH,金隅集团,20180119,,20180116,改名
454,002604.SZ,ST龙力,20180119,20180501,20180118,ST
455,000719.SZ,中原传媒,20180115,,20180113,改名
456,600760.SH,中航沈飞,20180112,,20180105,改名
457,600421.SH,ST仰帆,20180111,20190428,20180110,ST
458,002034.SZ,旺能环境,20180105,,20180105,改名
459,600074.SH,ST保千里,20171229,20180502,20171228,ST
460,300167.SZ,迪威迅,20171228,,20171228,改名
461,600289.SH,ST信通,20171227,20180425,20171226,ST
462,002664.SZ,长鹰信质,20171226,,20171226,改名
463,002061.SZ,浙江交科,20171222,,20171222,改名
464,600061.SH,国投资本,20171222,,20171220,改名
465,000155.SZ,川化股份,20171218,20181007,20171213,其他
466,603900.SH,莱绅通灵,20171215,,20171207,改名
467,000912.SZ,*ST天化,20171215,20190414,20171214,*ST
468,300237.SZ,美晨生态,20171207,,20171207,改名
469,600545.SH,卓郎智能,20171205,,20171130,改名
470,002456.SZ,欧菲科技,20171201,20190326,20171201,改名
471,000691.SZ,亚太实业,20171129,,20171128,撤销ST
472,002464.SZ,众应互联,20171115,,20171115,改名
473,600520.SH,文一科技,20171108,,20171102,改名
474,600622.SH,光大嘉宝,20171101,,20171025,改名
475,000736.SZ,中交地产,20171027,,20171027,改名
476,000158.SZ,常山北明,20171027,,20171027,改名
477,600321.SH,正源股份,20171016,20180411,20171011,改名
478,000811.SZ,冰轮环境,20171013,,20171013,改名
479,002042.SZ,华孚时尚,20171012,,20171012,改名
480,000976.SZ,华铁股份,20171010,,20171010,改名
481,300308.SZ,中际旭创,20171009,,20170930,改名
482,600576.SH,祥源文化,20170926,,20170921,改名
483,000669.SZ,金鸿控股,20170913,,20170913,改名
484,600655.SH,豫园股份,20170913,,20170906,其他
485,300306.SZ,远方信息,20170907,,20170907,其他
486,300108.SZ,吉药控股,20170829,,20170829,改名
487,000710.SZ,贝瑞基因,20170828,,20170825,摘星改名
488,002359.SZ,北讯集团,20170828,20190505,20170828,改名
489,300079.SZ,数码科技,20170825,,20170825,改名
490,600255.SH,梦舟股份,20170825,,20170822,改名
491,000584.SZ,哈工智能,20170824,,20170824,改名
492,002123.SZ,梦网集团,20170821,,20170819,改名
493,002619.SZ,艾格拉斯,20170815,,20170815,改名
494,002220.SZ,天宝食品,20170814,20190527,20170814,改名
495,002148.SZ,北纬科技,20170810,,20170810,其他
496,600745.SH,闻泰科技,20170809,,20170804,改名
497,002537.SZ,海联金汇,20170807,,20170807,改名
498,600710.SH,ST常林,20170801,20180327,20170725,恢复上市加N
499,600710.SH,NST常林,20170731,20170731,20170725,其他
500,300061.SZ,康旗股份,20170728,,20170728,改名
501,300459.SZ,金科文化,20170719,,20170719,改名
502,300372.SZ,欣泰退,20170717,,20170624,终止上市
503,300083.SZ,劲胜智能,20170713,,20170713,改名
504,300007.SZ,汉威科技,20170707,,20170707,改名
505,300143.SZ,星普医科,20170706,20190716,20170706,改名
506,300268.SZ,佳沃股份,20170629,,20170629,改名
507,000408.SZ,藏格控股,20170627,,20170627,改名
508,600898.SH,国美通讯,20170616,,20170613,改名
509,300405.SZ,科隆股份,20170616,,20170616,改名
510,002625.SZ,光启技术,20170616,,20170616,改名
511,600226.SH,瀚叶股份,20170615,,20170610,改名
512,000995.SZ,皇台酒业,20170615,20180502,20170614,撤销*ST
513,600221.SH,海航控股,20170612,,20170607,改名
514,002193.SZ,如意集团,20170612,,20170612,改名
515,002558.SZ,巨人网络,20170609,,20170609,改名
516,000611.SZ,天首发展,20170608,20190505,20170607,撤销*ST
517,000980.SZ,众泰汽车,20170607,,20170606,改名
518,600732.SH,ST新梅,20170607,20191226,20170527,恢复上市加N
519,600732.SH,NST新梅,20170606,20170606,20170527,其他
520,300081.SZ,恒信东方,20170605,,20170603,改名
521,002379.SZ,宏创控股,20170601,,20170601,改名
522,002530.SZ,金财互联,20170531,,20170527,改名
523,002180.SZ,纳思达,20170526,,20170526,改名
524,000968.SZ,蓝焰控股,20170525,,20170525,改名
525,002379.SZ,鲁丰环保,20170524,20170531,20170523,撤销*ST
526,000033.SZ,新都退,20170524,,20170518,终止上市
527,000408.SZ,金谷源,20170523,20170626,20170522,撤销*ST
528,002614.SZ,奥佳华,20170522,,20170522,改名
529,002739.SZ,万达电影,20170519,,20170519,改名
530,000505.SZ,珠江控股,20170519,20180312,20170518,撤销*ST
531,000633.SZ,合金投资,20170518,,20170517,撤销*ST
532,002289.SZ,宇顺电子,20170518,20190425,20170517,撤销*ST
533,000968.SZ,煤气化,20170515,20170524,20170512,撤销*ST
534,000913.SZ,钱江摩托,20170515,,20170512,撤销*ST
535,000504.SZ,南华生物,20170512,20190505,20170511,撤销*ST
536,600967.SH,内蒙一机,20170510,,20170505,改名
537,600391.SH,航发科技,20170509,,20170504,改名
538,600893.SH,航发动力,20170509,,20170504,改名
539,600339.SH,中油工程,20170508,,20170505,撤销*ST
540,002401.SZ,中远海科,20170505,,20170505,改名
541,600390.SH,五矿资本,20170504,,20170503,撤销*ST
542,000622.SZ,恒立实业,20170504,,20170503,撤销*ST
543,600844.SH,*ST丹科,20170503,20180301,20170429,*ST
544,000932.SZ,*ST华菱,20170503,20180308,20170429,*ST
545,002504.SZ,*ST弘高,20170503,20180510,20170502,*ST
546,600581.SH,八一钢铁,20170503,,20170502,撤销*ST
547,600847.SH,*ST万里,20170503,20180508,20170429,*ST
548,000410.SZ,*ST沈机,20170503,20180228,20170429,*ST
549,600877.SH,*ST嘉陵,20170503,20180402,20170429,*ST
550,000982.SZ,*ST中绒,20170503,,20170429,*ST
551,600654.SH,*ST中安,20170503,20180509,20170429,*ST
552,600747.SH,*ST大控,20170503,20180509,20170429,*ST
553,000831.SZ,五矿稀土,20170503,,20170502,撤销*ST
554,000659.SZ,*ST中富,20170503,20180424,20170429,*ST
555,600401.SH,*ST海润,20170503,20190526,20170429,*ST
556,002070.SZ,*ST众和,20170503,20190526,20170502,*ST
557,600423.SH,*ST柳化,20170503,20191219,20170429,*ST
558,000933.SZ,神火股份,20170502,,20170428,撤销*ST
559,002134.SZ,*ST普林,20170502,20180418,20170428,*ST
560,600815.SH,*ST厦工,20170502,20180508,20170428,*ST
561,600540.SH,*ST新赛,20170502,20180408,20170428,*ST
562,601519.SH,*ST智慧,20170502,20180509,20170428,*ST
563,600275.SH,*ST昌鱼,20170502,20180508,20170428,*ST
564,002473.SZ,*ST圣莱,20170502,20190318,20170428,*ST
565,000693.SZ,*ST华泽,20170502,20190526,20170428,*ST
566,600149.SH,*ST坊展,20170428,20180509,20170427,*ST
567,002312.SZ,*ST三泰,20170428,20180508,20170427,*ST
568,002207.SZ,*ST准油,20170428,20180910,20170427,*ST
569,002336.SZ,人人乐,20170428,20190416,20170427,撤销*ST
570,002248.SZ,*ST东数,20170427,20180415,20170426,*ST
571,600112.SH,*ST天成,20170427,20180506,20170426,*ST
572,002306.SZ,*ST云网,20170427,20190731,20170426,*ST
573,000809.SZ,*ST新城,20170426,20180610,20170425,*ST
574,600093.SH,易见股份,20170426,,20170421,改名
575,601558.SH,*ST锐电,20170426,20180411,20170425,*ST
576,002571.SZ,*ST德力,20170425,20180409,20170424,*ST
577,600520.SH,中发科技,20170425,20171107,20170424,撤销*ST
578,706055.SH,*ST上普,20170425,,20170422,*ST
579,600680.SH,*ST上普,20170425,,20170422,*ST
580,000780.SZ,*ST平能,20170424,20180510,20170421,*ST
581,600767.SH,*ST运盛,20170421,20180411,20170420,*ST
582,601106.SH,*ST一重,20170421,20180508,20170420,*ST
583,002173.SZ,创新医疗,20170421,,20170420,撤销*ST
584,300338.SZ,开元股份,20170421,,20170421,其他
585,002423.SZ,中原特钢,20170421,20191007,20170420,撤销*ST
586,000738.SZ,航发控制,20170420,,20170420,改名
587,600306.SH,商业城,20170419,,20170418,撤销*ST
588,002608.SZ,江苏国信,20170419,,20170418,摘星改名
589,600121.SH,*ST郑煤,20170419,20180411,20170418,*ST
590,000532.SZ,华金资本,20170418,,20170418,改名
591,000972.SZ,*ST中基,20170418,20181101,20170415,*ST
592,600539.SH,狮头股份,20170417,20180424,20170414,撤销*ST
593,000037.SZ,深南电A,20170417,,20170414,撤销*ST
594,600633.SH,浙数文化,20170414,,20170411,改名
595,600546.SH,山煤国际,20170412,,20170411,撤销*ST
596,600866.SH,星湖科技,20170412,,20170411,撤销*ST
597,600425.SH,*ST青松,20170411,20180502,20170408,*ST
598,000526.SZ,*ST紫学,20170411,20180522,20170408,*ST
599,300299.SZ,富春股份,20170411,,20170411,改名
600,600301.SH,ST南化,20170410,,20170407,摘星
601,002490.SZ,*ST墨龙,20170407,20180415,20170406,*ST
602,002513.SZ,蓝丰生化,20170407,,20170406,撤销*ST
603,000856.SZ,冀东装备,20170407,,20170406,撤销*ST
604,000613.SZ,*ST东海A,20170405,20180314,20170331,*ST
605,000962.SZ,东方钽业,20170405,,20170331,撤销*ST
606,000717.SZ,韶钢松山,20170405,,20170331,撤销*ST
607,601005.SH,*ST重钢,20170405,20180308,20170331,*ST
608,300099.SZ,精准信息,20170405,,20170401,改名
609,600603.SH,广汇物流,20170405,,20170329,改名
610,002069.SZ,獐子岛,20170405,,20170331,撤销*ST
611,000540.SZ,中天金融,20170405,,20170331,改名
612,002419.SZ,天虹股份,20170331,,20170331,其他
613,600636.SH,*ST爱富,20170330,20180501,20170329,*ST
614,000670.SZ,盈方微,20170330,20190326,20170329,撤销*ST
615,000066.SZ,中国长城,20170329,,20170329,改名
616,600696.SH,*ST匹凸,20170329,20180208,20170329,*ST
617,000595.SZ,*ST宝实,20170329,20180517,20170328,*ST
618,000755.SZ,*ST三维,20170329,20181113,20170328,*ST
619,600603.SH,大洲兴业,20170328,20170404,20170325,撤销*ST
620,002109.SZ,兴化股份,20170328,,20170327,撤销*ST
621,706055.SH,ST上普,20170328,20170424,20170325,ST
622,600680.SH,ST上普,20170328,20170424,20170325,ST
623,600234.SH,ST山水,20170328,20190428,20170325,摘星
624,600608.SH,*ST沪科,20170327,20180403,20170324,*ST
625,600403.SH,*ST大有,20170327,20180411,20170324,*ST
626,601918.SH,新集能源,20170327,,20170324,撤销*ST
627,002647.SZ,民盛金科,20170323,20180802,20170323,改名
628,600733.SH,S*ST前锋,20170322,20180221,20170321,*ST
629,300349.SZ,金卡智能,20170321,,20170321,改名
630,600860.SH,*ST京城,20170321,20180403,20170318,*ST
631,600225.SH,*ST松江,20170321,20180506,20170318,*ST
632,000922.SZ,*ST佳电,20170321,20181126,20170318,*ST
633,600634.SH,富控互动,20170320,20180502,20170315,改名
634,000803.SZ,*ST金宇,20170320,20181028,20170317,*ST
635,600721.SH,百花村,20170320,20190429,20170317,撤销*ST
636,002290.SZ,中科新材,20170317,20190505,20170317,改名
637,600725.SH,ST云维,20170316,,20170315,摘星
638,600230.SH,沧州大化,20170315,,20170314,撤销*ST
639,002199.SZ,东晶电子,20170315,,20170314,撤销*ST
640,002061.SZ,江山化工,20170314,20171221,20170313,撤销*ST
641,600228.SH,*ST昌九,20170314,20180509,20170311,*ST
642,000606.SZ,神州易桥,20170314,20180702,20170313,撤销*ST
643,600760.SH,中航黑豹,20170313,20180111,20170310,撤销*ST
644,300500.SZ,启迪设计,20170310,,20170310,改名
645,600375.SH,华菱星马,20170308,,20170307,撤销*ST
646,600072.SH,中船科技,20170307,,20170302,改名
647,002601.SZ,龙蟒佰利,20170307,,20170307,改名
648,600528.SH,中铁工业,20170302,,20170225,改名
649,000953.SZ,*ST河化,20170302,20180610,20170301,*ST
650,600675.SH,中华企业,20170302,,20170301,撤销*ST
651,000710.SZ,*ST天仪,20170301,20170827,20170228,*ST
652,300140.SZ,中环装备,20170228,,20170228,改名
653,000881.SZ,中广核技,20170227,,20170227,改名
654,600319.SH,亚星化学,20170227,20191103,20170224,撤销*ST
655,002371.SZ,北方华创,20170224,,20170224,改名
656,000564.SZ,供销大集,20170224,,20170224,改名
657,002352.SZ,顺丰控股,20170224,,20170224,改名
658,600212.SH,江泉实业,20170223,,20170222,撤销*ST
659,300128.SZ,锦富技术,20170223,,20170223,改名
660,002638.SZ,勤上股份,20170222,,20170222,其他
661,600737.SH,中粮糖业,20170217,,20170214,改名
662,600339.SH,*ST油工,20170217,20170507,20170211,改名
663,000892.SZ,欢瑞世纪,20170215,,20170215,改名
664,600701.SH,工大高新,20170214,20180502,20170211,撤销*ST
665,002692.SZ,睿康股份,20170214,20190120,20170214,改名
666,600265.SH,ST景谷,20170210,,20170209,摘星
667,000617.SZ,中油资本,20170210,,20170210,改名
668,002309.SZ,中利集团,20170208,,20170208,改名
669,002141.SZ,贤丰控股,20170124,,20170124,改名
670,600614.SH,鹏起科技,20170123,20190428,20170119,改名
671,000906.SZ,浙商中拓,20170119,,20170119,改名
672,002120.SZ,韵达股份,20170118,,20170118,改名
673,000617.SZ,石油济柴,20170116,20170209,20170113,撤销*ST
674,603313.SH,梦百合,20170113,,20170106,改名
675,002787.SZ,华源控股,20170111,,20170111,改名
676,000519.SZ,中兵红箭,20170110,,20170110,改名
677,600428.SH,中远海特,20161230,,20161227,改名
678,002468.SZ,申通快递,20161230,,20161230,改名
679,002565.SZ,顺灏股份,20161223,,20161223,改名
680,601866.SH,中远海发,20161222,,20161217,改名
681,000820.SZ,神雾节能,20161216,20190411,20161216,改名
682,601919.SH,中远海控,20161208,,20161203,改名
683,300048.SZ,合康新能,20161202,,20161202,改名
684,600896.SH,览海投资,20161128,20180502,20161125,改名
685,600026.SH,中远海能,20161128,,20161122,改名
686,600793.SH,宜宾纸业,20161121,,20161118,撤销ST
687,600381.SH,青海春天,20161121,,20161118,撤销ST
688,002050.SZ,三花智控,20161118,,20161118,改名
689,600179.SH,安通控股,20161117,20190618,20161112,改名
690,002010.SZ,传化智联,20161116,,20161116,改名
691,002663.SZ,普邦股份,20161115,,20161115,其他
692,600242.SH,中昌数据,20161110,,20161107,改名
693,002256.SZ,兆新股份,20161108,,20161108,改名
694,002622.SZ,融钰集团,20161108,,20161108,改名
695,002728.SZ,特一药业,20161107,,20161107,改名
696,002629.SZ,仁智股份,20161104,20190429,20161104,改名
697,600179.SH,黑化股份,20161103,20161116,20161102,撤销*ST
698,600346.SH,恒力股份,20161103,20190627,20161102,撤销*ST
699,300116.SZ,坚瑞沃能,20161031,,20161029,改名
700,600608.SH,上海科技,20161027,20170326,20161026,撤销ST
701,002347.SZ,泰尔股份,20161027,,20161027,改名
702,000667.SZ,美好置业,20161026,,20161026,其他
703,000626.SZ,远大控股,20161025,,20161025,改名
704,002742.SZ,三圣股份,20161021,,20161021,改名
705,600233.SH,圆通速递,20161020,,20161018,改名
706,000910.SZ,大亚圣象,20161019,,20161019,改名
707,000863.SZ,三湘印象,20161018,,20161018,改名
708,000813.SZ,德展健康,20161017,,20161015,改名
709,002447.SZ,壹桥股份,20161013,20180201,20161013,改名
710,002019.SZ,亿帆医药,20161011,,20161011,改名
711,600055.SH,万东医疗,20160928,,20160922,改名
712,000790.SZ,泰合健康,20160927,,20160927,改名
713,603018.SH,中设集团,20160926,,20160922,改名
714,600217.SH,中再资环,20160923,,20160920,改名
715,002539.SZ,云图控股,20160920,,20160920,改名
716,002247.SZ,帝龙文化,20160919,20181008,20160919,改名
717,002425.SZ,凯撒文化,20160914,,20160914,改名
718,600556.SH,ST慧球,20160913,,20160913,ST
719,300043.SZ,星辉娱乐,20160829,,20160827,其他
720,000676.SZ,智度股份,20160826,,20160826,改名
721,600882.SH,广泽股份,20160826,20190314,20160823,改名
722,300372.SZ,欣泰电气,20160823,20170716,20160820,其他
723,002105.SZ,信隆健康,20160819,,20160819,改名
724,002670.SZ,国盛金控,20160817,,20160817,改名
725,002123.SZ,梦网荣信,20160817,20170820,20160817,改名
726,002053.SZ,云南能投,20160816,,20160816,改名
727,600090.SH,同济堂,20160808,,20160803,改名
728,000815.SZ,美利云,20160802,,20160802,改名
729,000987.SZ,越秀金控,20160801,,20160730,改名
730,002355.SZ,兴民智通,20160801,,20160801,改名
731,002509.SZ,天广中茂,20160727,,20160727,改名
732,300459.SZ,金科娱乐,20160726,20170718,20160726,改名
733,002624.SZ,完美世界,20160726,,20160726,改名
734,300219.SZ,鸿利智汇,20160719,,20160719,改名
735,600539.SH,ST狮头,20160715,20170416,20160714,ST
736,000040.SZ,东旭蓝天,20160715,,20160715,改名
737,002270.SZ,华明装备,20160713,,20160713,改名
738,000609.SZ,绵石投资,20160713,20180301,20160713,改名
739,000526.SZ,紫光学大,20160713,20170410,20160713,改名
740,300372.SZ,*欣泰,20160712,20160822,20160709,*ST
741,000611.SZ,*ST天首,20160711,20170607,20160711,改名
742,600777.SH,新潮能源,20160706,,20160630,改名
743,002113.SZ,天润数娱,20160706,20190327,20160706,改名
744,600568.SH,中珠医疗,20160704,,20160629,改名
745,600980.SH,北矿科技,20160629,,20160624,改名
746,002397.SZ,梦洁股份,20160629,,20160629,其他
747,600381.SH,ST春天,20160629,20161120,20160628,ST
748,600892.SH,大晟文化,20160627,,20160622,改名
749,300300.SZ,汉鼎宇佑,20160622,,20160622,改名
750,002173.SZ,*ST创疗,20160622,20170420,20160622,改名
751,300355.SZ,蒙草生态,20160622,,20160622,改名
752,600602.SH,云赛智联,20160622,,20160617,改名
753,000421.SZ,南京公用,20160621,,20160621,改名
754,002049.SZ,紫光国芯,20160620,20180507,20160620,改名
755,002482.SZ,广田集团,20160617,,20160617,改名
756,600683.SH,京投发展,20160616,,20160609,改名
757,002241.SZ,歌尔股份,20160615,,20160615,改名
758,000606.SZ,*ST易桥,20160615,20170313,20160615,改名
759,601599.SH,鹿港文化,20160615,,20160608,改名
760,300431.SZ,暴风集团,20160606,,20160604,改名
761,300018.SZ,中元股份,20160606,,20160604,改名
762,300343.SZ,联创互联,20160603,20190707,20160603,改名
763,600136.SH,当代明诚,20160531,,20160526,改名
764,002505.SZ,大康农业,20160531,,20160531,改名
765,002445.SZ,中南文化,20160531,20181030,20160531,改名
766,600978.SH,宜华生活,20160530,,20160524,改名
767,000557.SZ,西部创业,20160526,,20160526,改名
768,000615.SZ,京汉股份,20160526,,20160526,改名
769,300008.SZ,天海防务,20160525,,20160525,改名
770,600462.SH,九有股份,20160524,20190114,20160519,改名
771,002356.SZ,赫美集团,20160524,20190505,20160524,改名
772,600862.SH,中航高科,20160520,,20160517,改名
773,603011.SH,合锻智能,20160520,,20160518,改名
774,600623.SH,华谊集团,20160518,,20160513,改名
775,002306.SZ,中科云网,20160516,20170426,20160513,撤销*ST
776,600393.SH,粤泰股份,20160512,,20160506,改名
777,600292.SH,远达环保,20160512,,20160507,改名
778,600539.SH,狮头股份,20160511,20160714,20160510,撤销*ST
779,000972.SZ,中基健康,20160511,20170417,20160511,改名
780,002502.SZ,骅威文化,20160511,20190717,20160511,改名
781,600984.SH,建设机械,20160510,,20160507,撤销*ST
782,600482.SH,中国动力,20160510,,20160504,改名
783,600779.SH,水井坊,20160509,,20160506,撤销*ST
784,600247.SH,ST成城,20160509,20180502,20160506,摘星
785,000010.SZ,美丽生态,20160509,20190425,20160509,改名
786,000557.SZ,银广夏,20160506,20160525,20160505,撤销*ST
787,600608.SH,ST沪科,20160505,20161026,20160504,摘星
788,000691.SZ,ST亚太,20160504,20171128,20160430,ST
789,000511.SZ,*ST烯碳,20160504,20180604,20160430,*ST
790,600552.SH,凯盛科技,20160504,,20160428,改名
791,000693.SZ,ST华泽,20160504,20170501,20160430,ST
792,002069.SZ,*ST獐岛,20160504,20170404,20160503,*ST
793,600401.SH,海润光伏,20160504,20170502,20160430,撤销*ST
794,600265.SH,*ST景谷,20160503,20170209,20160429,*ST
795,600546.SH,*ST山煤,20160503,20170411,20160429,*ST
796,601918.SH,*ST新集,20160503,20170326,20160429,*ST
797,002289.SZ,*ST宇顺,20160503,20170517,20160429,*ST
798,600725.SH,*ST云维,20160503,20170315,20160429,*ST
799,002423.SZ,*ST中特,20160503,20170420,20160429,*ST
800,600179.SH,*ST黑化,20160503,20161102,20160429,*ST
801,600234.SH,*ST山水,20160503,20170327,20160429,*ST
802,600432.SH,*ST吉恩,20160503,20180529,20160429,*ST
803,000670.SZ,*ST盈方,20160503,20170329,20160429,*ST
804,000662.SZ,天夏智慧,20160503,,20160503,改名
805,000629.SZ,*ST钒钛,20160503,20180823,20160429,*ST
806,600346.SH,*ST橡塑,20160429,20161102,20160428,*ST
807,000622.SZ,*ST恒立,20160429,20170503,20160428,*ST
808,600390.SH,*ST金瑞,20160429,20170503,20160428,*ST
809,000510.SZ,金路集团,20160429,20190704,20160428,撤销*ST
810,600817.SH,*ST宏盛,20160428,20180508,20160427,*ST
811,000408.SZ,*ST金源,20160428,20170522,20160427,*ST
812,600306.SH,*ST商城,20160427,20170418,20160426,*ST
813,000659.SZ,珠海中富,20160427,20170502,20160426,撤销*ST
814,002513.SZ,*ST蓝丰,20160427,20170406,20160426,*ST
815,000633.SZ,*ST合金,20160427,20170517,20160426,*ST
816,600760.SH,*ST黑豹,20160427,20170312,20160426,*ST
817,600866.SH,*ST星湖,20160427,20170411,20160426,*ST
818,300145.SZ,中金环境,20160426,,20160426,改名
819,000505.SZ,*ST珠江,20160426,20170518,20160425,*ST
820,600965.SH,福成股份,20160426,,20160419,改名
821,000504.SZ,*ST生物,20160426,20170511,20160425,*ST
822,002199.SZ,*ST东晶,20160426,20170314,20160425,*ST
823,600681.SH,百川能源,20160426,,20160422,改名
824,002147.SZ,新光圆成,20160426,20181203,20160426,改名
825,600701.SH,*ST工新,20160425,20170213,20160422,*ST
826,000034.SZ,神州数码,20160425,,20160423,改名
827,000587.SZ,金洲慈航,20160425,,20160425,改名
828,002322.SZ,理工环科,20160425,,20160425,改名
829,000950.SZ,*ST建峰,20160425,20180827,20160422,*ST
830,600444.SH,国机通用,20160425,,20160422,撤销*ST
831,000799.SZ,酒鬼酒,20160425,,20160422,撤销*ST
832,002379.SZ,*ST鲁丰,20160422,20170523,20160421,*ST
833,002431.SZ,棕榈股份,20160422,,20160422,改名
834,000717.SZ,*ST韶钢,20160421,20170404,20160420,*ST
835,000913.SZ,*ST钱江,20160421,20170514,20160420,*ST
836,600691.SH,阳煤化工,20160421,,20160420,撤销*ST
837,000933.SZ,*ST神火,20160420,20170501,20160419,*ST
838,000962.SZ,*ST东钽,20160420,20170404,20160419,*ST
839,002336.SZ,*ST人乐,20160420,20170427,20160419,*ST
840,000059.SZ,华锦股份,20160420,,20160419,撤销*ST
841,002173.SZ,*ST千足,20160419,20160621,20160418,*ST
842,600339.SH,*ST天利,20160419,20170216,20160418,*ST
843,000927.SZ,一汽夏利,20160418,,20160415,撤销*ST
844,600520.SH,*ST中发,20160418,20170424,20160415,*ST
845,002027.SZ,分众传媒,20160418,,20160418,改名
846,000068.SZ,华控赛格,20160412,,20160411,撤销*ST
847,600375.SH,*ST星马,20160412,20170307,20160411,*ST
848,000590.SZ,启迪古汉,20160412,,20160411,摘星改名
849,000856.SZ,*ST冀装,20160411,20170406,20160408,*ST
850,000831.SZ,*ST五稀,20160411,20170502,20160408,*ST
851,600212.SH,*ST江泉,20160411,20170222,20160408,*ST
852,601886.SH,江河集团,20160407,,20160401,其他
853,600311.SH,荣华实业,20160407,,20160406,撤销ST
854,600318.SH,新力金融,20160407,,20160331,改名
855,600242.SH,中昌海运,20160407,20161109,20160406,撤销*ST
856,600715.SH,文投控股,20160407,,20160406,改名
857,600962.SH,国投中鲁,20160407,,20160406,撤销*ST
858,600870.SH,厦华电子,20160406,20180426,20160402,撤销*ST
859,600069.SH,银鸽投资,20160405,,20160401,撤销*ST
860,600828.SH,茂业商业,20160405,,20160330,改名
861,000037.SZ,*ST南电A,20160405,20170416,20160401,*ST
862,002292.SZ,奥飞娱乐,20160401,,20160401,改名
863,600806.SH,*ST昆机,20160401,20180529,20160331,*ST
864,000617.SZ,*ST济柴,20160401,20170115,20160331,*ST
865,000606.SZ,*ST明胶,20160401,20160614,20160331,*ST
866,600091.SH,ST明科,20160330,,20160329,摘星
867,600581.SH,*ST八钢,20160330,20170502,20160329,*ST
868,002633.SZ,申科股份,20160330,,20160329,撤销*ST
869,600656.SH,退市博元,20160329,,20160322,终止上市
870,600319.SH,*ST亚星,20160329,20170226,20160328,*ST
871,002656.SZ,摩登大道,20160328,,20160328,改名
872,000591.SZ,太阳能,20160328,,20160328,改名
873,000677.SZ,恒天海龙,20160325,,20160324,撤销*ST
874,000815.SZ,美利纸业,20160325,20160801,20160324,撤销*ST
875,600230.SH,*ST沧大,20160325,20170314,20160324,*ST
876,002417.SZ,三元达,20160323,20180208,20160322,撤销*ST
877,600675.SH,*ST中企,20160322,20170301,20160319,*ST
878,000968.SZ,*ST煤气,20160321,20170514,20160318,*ST
879,600163.SH,中闽能源,20160318,,20160317,撤销*ST
880,300242.SZ,明家联合,20160317,20180521,20160317,改名
881,002680.SZ,长生生物,20160317,20180725,20160317,改名
882,000912.SZ,泸天化,20160315,20171214,20160314,撤销*ST
883,600408.SH,安泰集团,20160315,20180423,20160314,撤销*ST
884,600715.SH,松辽汽车,20160314,20160406,20160311,撤销*ST
885,600179.SH,ST黑化,20160311,20160502,20160310,ST
886,600644.SH,乐山电力,20160310,,20160309,撤销*ST
887,600217.SH,秦岭水泥,20160309,20160922,20160308,撤销*ST
888,600071.SH,凤凰光学,20160309,,20160308,撤销*ST
889,600721.SH,*ST百花,20160308,20170319,20160307,*ST
890,002127.SZ,南极电商,20160307,,20160307,改名
891,000795.SZ,英洛华,20160307,,20160307,改名
892,000893.SZ,东凌国际,20160304,20180502,20160304,改名
893,002411.SZ,必康股份,20160304,20181029,20160304,改名
894,002036.SZ,联创电子,20160303,,20160303,改名
895,000967.SZ,盈峰环境,20160302,,20160302,改名
896,002061.SZ,*ST江化,20160301,20170313,20160229,*ST
897,002109.SZ,*ST兴化,20160301,20170327,20160229,*ST
898,300301.SZ,长方集团,20160301,,20160301,改名
899,000976.SZ,春晖股份,20160225,20171009,20160224,撤销*ST
900,000892.SZ,星美联合,20160225,20170214,20160224,撤销*ST
901,002015.SZ,霞客环保,20160225,20190625,20160224,撤销*ST
902,002552.SZ,宝鼎科技,20160223,20180502,20160223,改名
903,000415.SZ,渤海金控,20160223,20181113,20160223,改名
904,600110.SH,诺德股份,20160222,,20160216,改名
905,600555.SH,海航创新,20160218,,20160205,改名
906,000007.SZ,全新好,20160217,,20160217,改名
907,000711.SZ,京蓝科技,20160216,,20160215,撤销*ST
908,600603.SH,*ST兴业,20160215,20170327,20160205,*ST
909,600722.SH,金牛化工,20160205,,20160204,撤销*ST
910,002192.SZ,融捷股份,20160205,,20160204,撤销*ST
911,002517.SZ,恺英网络,20160203,,20160203,改名
912,601100.SH,恒立液压,20160202,,20160128,改名
913,600076.SH,康欣新材,20160201,,20160127,改名
914,300066.SZ,三川智慧,20160129,,20160129,改名
915,600515.SH,海航基础,20160129,,20160127,改名
916,600679.SH,上海凤凰,20160128,,20160123,改名
917,000709.SZ,河钢股份,20160126,,20160126,其他
918,002188.SZ,巴士在线,20160122,20180207,20160122,改名
919,002555.SZ,三七互娱,20160119,,20160119,改名
920,002343.SZ,慈文传媒,20160115,,20160115,改名
921,600186.SH,莲花健康,20160115,20190428,20160109,改名
922,300253.SZ,卫宁健康,20160112,,20160112,改名
923,002044.SZ,美年健康,20160108,,20160108,改名
924,300362.SZ,天翔环境,20160108,,20160108,改名
925,601222.SH,林洋能源,20151231,,20151226,改名
926,600201.SH,生物股份,20151230,,20151225,改名
927,600053.SH,九鼎投资,20151230,,20151225,改名
928,600299.SH,安迪苏,20151229,,20151223,改名
929,002689.SZ,远大智能,20151223,,20151223,改名
930,600277.SH,亿利洁能,20151223,,20151218,改名
931,002293.SZ,罗莱生活,20151221,,20151221,改名
932,600163.SH,*ST闽能,20151210,20160317,20151204,改名
933,300450.SZ,先导智能,20151209,,20151209,改名
934,002584.SZ,西陇科学,20151209,,20151209,改名
935,002298.SZ,中电鑫龙,20151209,20180701,20151209,改名
936,300230.SZ,永利股份,20151207,,20151207,改名
937,002137.SZ,麦达数字,20151207,,20151207,改名
938,000018.SZ,神州长城,20151207,20190505,20151207,改名
939,600311.SH,ST荣华,20151201,20160406,20151130,ST
940,300080.SZ,易成新能,20151127,,20151127,改名
941,600856.SH,中天能源,20151124,20190811,20151119,改名
942,600848.SH,上海临港,20151118,,20151113,改名
943,000838.SZ,财信发展,20151118,,20151118,改名
944,600708.SH,光明地产,20151112,,20151106,改名
945,600576.SH,万家文化,20151112,20170925,20151107,改名
946,300139.SZ,晓程科技,20151112,,20151112,改名
947,000971.SZ,高升控股,20151112,20190327,20151112,改名
948,000826.SZ,启迪桑德,20151111,20190709,20151111,改名
949,300189.SZ,神农基因,20151109,20190605,20151107,改名
950,002413.SZ,雷科防务,20151106,,20151106,改名
951,002314.SZ,南山控股,20151104,,20151104,改名
952,000889.SZ,茂业通信,20151104,20181210,20151104,改名
953,600629.SH,华建集团,20151030,,20151027,改名
954,002366.SZ,台海核电,20151029,,20151029,改名
955,000806.SZ,银河生物,20151028,20190328,20151028,改名
956,000687.SZ,华讯方舟,20151023,,20151022,改名
957,601216.SH,君正集团,20151023,,20151016,改名
958,002581.SZ,未名医药,20151021,,20151021,改名
959,002031.SZ,巨轮智能,20151020,,20151020,改名
960,002162.SZ,悦心健康,20151020,,20151020,改名
961,601567.SH,三星医疗,20151020,,20151014,改名
962,300292.SZ,吴通控股,20151014,,20151014,改名
963,000796.SZ,凯撒旅游,20151012,20191224,20151012,改名
964,002074.SZ,国轩高科,20150929,,20150929,改名
965,000939.SZ,凯迪生态,20150928,20180701,20150928,改名
966,002088.SZ,鲁阳节能,20150925,,20150925,改名
967,002631.SZ,德尔未来,20150922,,20150922,改名
968,000056.SZ,皇庭国际,20150918,,20150918,改名
969,600229.SH,城市传媒,20150917,,20150911,改名
970,300343.SZ,联创股份,20150915,20160602,20150915,其他
971,300078.SZ,思创医惠,20150915,,20150915,改名
972,300089.SZ,文化长城,20150911,,20150911,改名
973,300332.SZ,天壕环境,20150911,,20150911,改名
974,002004.SZ,华邦健康,20150909,,20150909,改名
975,600643.SH,爱建集团,20150909,,20150902,改名
976,300247.SZ,乐金健康,20150909,20190114,20150909,改名
977,002471.SZ,中超控股,20150908,,20150908,改名
978,600146.SH,商赢环球,20150831,,20150826,改名
979,300162.SZ,雷曼股份,20150831,20190421,20150831,其他
980,603017.SH,中衡设计,20150828,,20150821,改名
981,002323.SZ,雅百特,20150827,20180705,20150827,改名
982,603818.SH,曲美家居,20150826,,20150820,改名
983,600981.SH,汇鸿集团,20150824,,20150820,改名
984,002192.SZ,*ST融捷,20150824,20160204,20150824,改名
985,002621.SZ,三垒股份,20150824,20190416,20150824,其他
986,000547.SZ,航天发展,20150820,,20150820,改名
987,300152.SZ,科融环境,20150819,,20150819,改名
988,002516.SZ,旷达科技,20150819,,20150819,改名
989,000558.SZ,莱茵体育,20150818,,20150818,改名
990,000520.SZ,长航凤凰,20150818,,20150811,其他
991,600606.SH,绿地控股,20150818,,20150814,改名
992,002711.SZ,欧浦智网,20150818,20190423,20150818,改名
993,002506.SZ,协鑫集成,20150812,,20150806,其他
994,002239.SZ,奥特佳,20150811,,20150811,改名
995,300031.SZ,宝通科技,20150807,,20150807,改名
996,603077.SH,和邦生物,20150805,,20150801,改名
997,002504.SZ,弘高创意,20150804,20170502,20150804,改名
998,002171.SZ,楚江新材,20150721,,20150721,改名
999,600061.SH,国投安信,20150717,20171221,20150714,改名
1000,600666.SH,奥瑞德,20150717,20190428,20150714,改名
1001,600696.SH,匹凸匹,20150716,20170328,20150709,改名
1002,002175.SZ,东方网络,20150713,20190428,20150713,改名
1003,000852.SZ,石化机械,20150710,,20150710,改名
1004,600751.SH,天海投资,20150708,20180507,20150702,改名
1005,002691.SZ,冀凯股份,20150706,,20150706,改名
1006,002260.SZ,德奥通航,20150703,20180501,20150703,改名
1007,600145.SH,*ST新亿,20150701,,20150625,改名
1008,300135.SZ,宝利国际,20150630,,20150629,改名
1009,000598.SZ,兴蓉环境,20150630,,20150630,改名
1010,600297.SH,广汇汽车,20150624,,20150618,改名
1011,600240.SH,华业资本,20150623,20190429,20150617,改名
1012,600637.SH,东方明珠,20150619,,20150616,改名
1013,600767.SH,运盛医疗,20150615,20170420,20150611,改名
1014,600381.SH,青海春天,20150612,20160628,20150609,改名
1015,002640.SZ,跨境通,20150612,,20150612,改名
1016,000524.SZ,岭南控股,20150611,,20150611,改名
1017,601766.SH,中国中车,20150608,,20150603,改名
1018,000595.SZ,宝塔实业,20150605,20170328,20150605,改名
1019,000816.SZ,智慧农业,20150605,20180426,20150605,改名
1020,002573.SZ,清新环境,20150605,,20150605,改名
1021,000594.SZ,国恒退,20150529,,20150525,终止上市
1022,600685.SH,中船防务,20150525,,20150518,改名
1023,002155.SZ,湖南黄金,20150518,,20150518,改名
1024,600857.SH,宁波中百,20150518,,20150513,改名
1025,002643.SZ,万润股份,20150513,,20150513,改名
1026,600072.SH,钢构工程,20150511,20170306,20150508,撤销*ST
1027,002624.SZ,完美环球,20150508,20160725,20150508,改名
1028,000755.SZ,山西三维,20150507,20170328,20150506,撤销*ST
1029,002163.SZ,中航三鑫,20150506,,20150505,撤销*ST
1030,600610.SH,中毅达,20150506,20180701,20150505,撤销*ST
1031,600074.SH,保千里,20150505,20171228,20150430,改名
1032,600385.SH,山东金泰,20150505,20190425,20150501,撤销ST
1033,000155.SZ,*ST川化,20150504,20171217,20150430,*ST
1034,600779.SH,*ST水井,20150504,20160508,20150430,*ST
1035,600091.SH,*ST明科,20150504,20160329,20150430,*ST
1036,000590.SZ,*ST古汉,20150504,20160411,20150430,*ST
1037,600870.SH,*ST厦华,20150504,20160405,20150430,*ST
1038,600071.SH,*ST光学,20150504,20160308,20150430,*ST
1039,600408.SH,*ST安泰,20150504,20160314,20150430,*ST
1040,601558.SH,华锐风电,20150504,20170425,20150430,撤销*ST
1041,600242.SH,*ST中昌,20150504,20160406,20150430,*ST
1042,300173.SZ,智慧松德,20150430,,20150430,改名
1043,000611.SZ,*ST蒙发,20150430,20160710,20150429,*ST
1044,002248.SZ,华东数控,20150430,20170426,20150429,撤销*ST
1045,600962.SH,*ST中鲁,20150430,20160406,20150429,*ST
1046,002306.SZ,*ST云网,20150430,20160515,20150429,*ST
1047,002608.SZ,*ST舜船,20150430,20170418,20150429,*ST
1048,002417.SZ,*ST元达,20150430,20160322,20150429,*ST
1049,600732.SH,*ST新梅,20150429,20170605,20150428,*ST
1050,600608.SH,*ST沪科,20150429,20160504,20150428,*ST
1051,000995.SZ,*ST皇台,20150428,20170614,20150427,*ST
1052,600710.SH,*ST常林,20150428,20170730,20150427,*ST
1053,600178.SH,东安动力,20150427,,20150424,撤销*ST
1054,000799.SZ,*ST酒鬼,20150427,20160424,20150424,*ST
1055,600401.SH,*ST海润,20150424,20160503,20150423,*ST
1056,000892.SZ,*ST星美,20150423,20160224,20150422,*ST
1057,600829.SH,人民同泰,20150423,,20150418,改名
1058,600301.SH,*ST南化,20150423,20170409,20150422,*ST
1059,002127.SZ,新民科技,20150423,20160306,20150422,撤销*ST
1060,600722.SH,*ST金化,20150421,20160204,20150420,*ST
1061,600539.SH,*ST狮头,20150421,20160510,20150420,*ST
1062,600599.SH,熊猫金控,20150420,,20150414,改名
1063,600444.SH,*ST国通,20150420,20160424,20150417,*ST
1064,000815.SZ,*ST美利,20150416,20160324,20150415,*ST
1065,600466.SH,蓝光发展,20150416,,20150414,改名
1066,002134.SZ,天津普林,20150416,20170501,20150415,撤销*ST
1067,000059.SZ,*ST华锦,20150415,20160419,20150414,*ST
1068,002217.SZ,合力泰,20150414,,20150413,撤销*ST
1069,600691.SH,*ST阳化,20150413,20160420,20150410,*ST
1070,000510.SZ,*ST金路,20150413,20160428,20150410,*ST
1071,002459.SZ,天业通联,20150413,20191212,20150410,撤销*ST
1072,600299.SH,蓝星新材,20150410,20151228,20150409,撤销*ST
1073,300090.SZ,盛运环保,20150410,,20150411,其他
1074,000912.SZ,*ST天化,20150409,20160314,20150408,*ST
1075,000908.SZ,景峰医药,20150407,,20150407,改名
1076,600075.SH,新疆天业,20150403,,20150402,撤销*ST
1077,600598.SH,北大荒,20150403,,20150402,撤销*ST
1078,002234.SZ,民和股份,20150403,,20150402,撤销*ST
1079,000927.SZ,*ST夏利,20150402,20160417,20150401,*ST
1080,000155.SZ,ST川化,20150402,20150503,20150401,ST
1081,002354.SZ,天神娱乐,20150402,,20150402,改名
1082,600654.SH,中安消,20150402,20170502,20150331,改名
1083,600656.SH,*ST博元,20150331,20160328,20150328,*ST
1084,600644.SH,*ST乐电,20150331,20160309,20150330,*ST
1085,600871.SH,石化油服,20150331,20180328,20150330,摘星改名
1086,000504.SZ,南华生物,20150331,20160425,20150330,摘星改名
1087,000779.SZ,三毛派神,20150330,20190702,20150327,撤销*ST
1088,000068.SZ,*ST华赛,20150325,20160411,20150324,*ST
1089,600069.SH,*ST银鸽,20150324,20160404,20150321,*ST
1090,000822.SZ,山东海化,20150324,,20150323,撤销*ST
1091,600860.SH,京城股份,20150324,20170320,20150323,撤销*ST
1092,300208.SZ,恒顺众昇,20150324,20190211,20150324,改名
1093,002192.SZ,*ST路翔,20150323,20150823,20150320,*ST
1094,002160.SZ,常铝股份,20150320,,20150319,撤销*ST
1095,600228.SH,昌九生化,20150319,20170313,20150318,撤销*ST
1096,002280.SZ,联络互动,20150319,,20150319,改名
1097,600652.SH,游久游戏,20150319,20190505,20150314,改名
1098,600217.SH,*ST秦岭,20150318,20160308,20150317,*ST
1099,600176.SH,中国巨石,20150318,,20150313,改名
1100,600550.SH,保变电气,20150318,,20150317,撤销*ST
1101,002164.SZ,宁波东力,20150316,,20150313,撤销*ST
1102,000008.SZ,神州高铁,20150313,,20150313,改名
1103,002195.SZ,二三四五,20150313,,20150313,改名
1104,002346.SZ,柘中股份,20150312,,20150312,改名
1105,000677.SZ,*ST海龙,20150312,20160324,20150311,*ST
1106,000711.SZ,*ST京蓝,20150311,20160215,20150310,*ST
1107,000976.SZ,*ST春晖,20150311,20160224,20150310,*ST
1108,600566.SH,济川药业,20150310,,20150304,改名
1109,002506.SZ,*ST集成,20150309,20150811,20150309,改名
1110,000925.SZ,众合科技,20150306,,20150306,改名
1111,002312.SZ,三泰控股,20150305,20170427,20150305,改名
1112,600689.SH,上海三毛,20150303,,20150302,撤销*ST
1113,600306.SH,商业城,20150303,20160426,20150302,撤销*ST
1114,002006.SZ,精功科技,20150302,,20150227,撤销*ST
1115,600984.SH,*ST建机,20150225,20160509,20150217,*ST
1116,600695.SH,绿庭投资,20150212,,20150207,改名
1117,600163.SH,*ST南纸,20150211,20151209,20150210,*ST
1118,600381.SH,贤成矿业,20150210,20150611,20150209,撤销*ST
1119,600282.SH,南钢股份,20150210,,20150209,撤销*ST
1120,000150.SZ,宜华健康,20150209,,20150209,改名
1121,000616.SZ,海航投资,20150206,,20150206,改名
1122,000676.SZ,智度投资,20150204,20160825,20150204,改名
1123,300266.SZ,兴源环境,20150204,,20150204,改名
1124,002555.SZ,顺荣三七,20150203,20160118,20150203,改名
1125,600715.SH,*ST松辽,20150130,20160313,20150129,*ST
1126,600588.SH,用友网络,20150130,,20150127,改名
1127,002633.SZ,*ST申科,20150128,20160329,20150127,*ST
1128,600111.SH,北方稀土,20150120,,20150115,改名
1129,002491.SZ,通鼎互联,20150120,,20150120,改名
1130,000607.SZ,华媒控股,20150119,,20150119,改名
1131,600803.SH,新奥股份,20150116,,20150113,改名
1132,002143.SZ,印纪传媒,20150115,20190407,20150115,改名
1133,600610.SH,*ST中毅,20150114,20150505,20150110,改名
1134,000516.SZ,国际医学,20150113,,20150113,改名
1135,600556.SH,慧球科技,20150112,20160912,20150107,改名
1136,600422.SH,昆药集团,20150109,,20150106,其他
1137,600893.SH,中航动力,20150109,20170508,20150106,改名
1138,600038.SH,中直股份,20150108,,20141231,改名
1139,002447.SZ,壹桥海参,20150107,20161012,20150107,改名
1140,000546.SZ,金圆股份,20150106,,20150106,改名
1141,002036.SZ,汉麻产业,20150105,20160302,20150105,改名
1142,000021.SZ,深科技,20150105,,20150105,其他
1143,002329.SZ,皇氏集团,20141231,,20141231,改名
1144,000835.SZ,长城动漫,20141231,,20141231,改名
1145,601058.SH,赛轮金宇,20141231,20181106,20141226,改名
1146,600273.SH,嘉化能源,20141224,,20141219,改名
1147,600983.SH,惠而浦,20141218,,20141213,改名
1148,600976.SH,健民集团,20141218,,20141213,其他
1149,002180.SZ,艾派克,20141216,20170525,20141216,改名
1150,002564.SZ,天沃科技,20141211,,20141211,改名
1151,002018.SZ,华信国际,20141210,20180501,20141210,改名
1152,002019.SZ,亿帆鑫富,20141201,20161010,20141201,改名
1153,600610.SH,*ST中纺,20141125,20150113,20141120,完成股改
1154,002072.SZ,凯瑞德,20141124,20190505,20141124,改名
1155,000711.SZ,京蓝科技,20141117,20150310,20141115,改名
1156,000716.SZ,黑芝麻,20141112,,20141112,改名
1157,000810.SZ,创维数字,20141111,,20141111,改名
1158,002021.SZ,中捷资源,20141111,20190429,20141111,改名
1159,000789.SZ,万年青,20141110,,20141108,其他
1160,000403.SZ,ST生化,20141107,20181121,20141106,摘星
1161,600483.SH,福能股份,20141106,,20141103,改名
1162,000837.SZ,秦川机床,20141031,,20141031,改名
1163,600175.SH,美都能源,20141029,,20141024,改名
1164,000802.SZ,北京文化,20141024,,20141024,改名
1165,000611.SZ,内蒙发展,20141022,20150429,20141022,改名
1166,000958.SZ,东方能源,20141015,,20141015,改名
1167,000928.SZ,中钢国际,20141013,,20141013,改名
1168,000928.SZ,中钢吉炭,20140930,20141012,20140929,其他
1169,600485.SH,信威集团,20140926,20190429,20140923,改名
1170,300254.SZ,仟源医药,20140919,,20140919,改名
1171,002301.SZ,齐心集团,20140916,,20140916,改名
1172,600575.SH,皖江物流,20140901,20190910,20140827,改名
1173,600759.SH,洲际油气,20140828,,20140821,改名
1174,002306.SZ,中科云网,20140825,20150429,20140825,改名
1175,002102.SZ,冠福股份,20140821,20181015,20140821,其他
1176,000681.SZ,视觉中国,20140820,,20140820,改名
1177,000670.SZ,盈方微,20140818,20160502,20140818,改名
1178,600869.SH,智慧能源,20140812,,20140808,改名
1179,002200.SZ,云投生态,20140811,20190425,20140811,改名
1180,600827.SH,百联股份,20140808,,20140805,改名
1181,600385.SH,ST金泰,20140807,20150504,20140731,恢复上市加N
1182,600385.SH,NST金泰,20140806,20140806,20140731,其他
1183,000751.SZ,锌业股份,20140806,,20140730,其他
1184,300156.SZ,神雾环保,20140804,,20140804,改名
1185,600337.SH,美克家居,20140801,,20140728,改名
1186,600705.SH,中航资本,20140730,,20140724,改名
1187,002382.SZ,蓝帆医疗,20140725,,20140725,改名
1188,600617.SH,国新能源,20140717,,20140712,改名
1189,000670.SZ,舜元实业,20140715,20140817,20140711,完成股改
1190,600539.SH,狮头股份,20140708,20150420,20140707,撤销ST
1191,002373.SZ,千方科技,20140708,,20140708,改名
1192,600509.SH,天富能源,20140701,,20140625,改名
1193,600247.SH,*ST成城,20140701,20160508,20140630,*ST
1194,000035.SZ,中国天楹,20140624,,20140624,改名
1195,002675.SZ,东诚药业,20140617,,20140617,改名
1196,002373.SZ,联信永益,20140616,20140707,20140613,撤销*ST
1197,600538.SH,国发股份,20140612,,20140606,其他
1198,002174.SZ,游族网络,20140605,,20140605,改名
1199,002071.SZ,长城影视,20140605,,20140605,改名
1200,000760.SZ,斯太尔,20140605,20190505,20140605,改名
1201,002276.SZ,万马股份,20140604,,20140604,改名
1202,600673.SH,东阳光科,20140529,20190414,20140524,改名
1203,000509.SZ,华塑控股,20140519,,20140516,撤销*ST
1204,000017.SZ,深中华A,20140514,,20140513,撤销*ST
1205,600074.SH,中达股份,20140514,20150504,20140513,撤销*ST
1206,000676.SZ,思达高科,20140512,20150203,20140509,撤销*ST
1207,000902.SZ,新洋丰,20140512,,20140512,改名
1208,600421.SH,仰帆控股,20140509,20180110,20140501,改名
1209,600556.SH,北生药业,20140508,20150111,20140507,撤销*ST
1210,600319.SH,亚星化学,20140508,20160328,20140507,撤销*ST
1211,002217.SZ,*ST合泰,20140507,20150413,20140507,改名
1212,000592.SZ,平潭发展,20140506,,20140506,改名
1213,600499.SH,科达洁能,20140505,,20140426,改名
1214,000659.SZ,*ST中富,20140505,20160426,20140430,*ST
1215,600145.SH,*ST国创,20140505,20150630,20140430,*ST
1216,600228.SH,*ST昌九,20140505,20150318,20140430,*ST
1217,000033.SZ,*ST新都,20140505,20170523,20140430,*ST
1218,601558.SH,*ST锐电,20140505,20150503,20140430,*ST
1219,600698.SH,湖南天雁,20140505,20190328,20140430,其他
1220,002015.SZ,*ST霞客,20140430,20160224,20140429,*ST
1221,600282.SH,*ST南钢,20140430,20150209,20140429,*ST
1222,600178.SH,*ST东安,20140430,20150426,20140429,*ST
1223,000046.SZ,泛海控股,20140430,,20140430,改名
1224,300101.SZ,振芯科技,20140430,,20140430,改名
1225,600555.SH,九龙山,20140430,20160217,20140429,撤销*ST
1226,600265.SH,ST景谷,20140429,20160502,20140428,摘星
1227,002163.SZ,*ST三鑫,20140429,20150505,20140428,*ST
1228,000953.SZ,河池化工,20140429,20170301,20140428,撤销*ST
1229,002248.SZ,*ST东数,20140429,20150429,20140428,*ST
1230,002006.SZ,*ST精功,20140429,20150301,20140428,*ST
1231,600579.SH,天华院,20140429,20190918,20140428,摘星改名
1232,300041.SZ,回天新材,20140425,,20140425,改名
1233,002217.SZ,*ST联工,20140425,20140506,20140424,*ST
1234,600358.SH,国旅联合,20140424,,20140423,撤销*ST
1235,300144.SZ,宋城演艺,20140423,,20140423,改名
1236,002164.SZ,*ST东力,20140423,20150315,20140422,*ST
1237,600301.SH,ST南化,20140423,20150422,20140422,摘星
1238,000617.SZ,石油济柴,20140423,20160331,20140422,撤销*ST
1239,000035.SZ,中科健,20140422,20140623,20140421,撤销*ST
1240,300370.SZ,安控科技,20140422,,20140422,其他
1241,002234.SZ,*ST民和,20140422,20150402,20140421,*ST
1242,600087.SH,退市长油,20140421,,20140412,终止上市
1243,600234.SH,山水文化,20140421,20160502,20140418,撤销*ST
1244,000779.SZ,*ST派神,20140418,20150329,20140417,*ST
1245,600299.SH,*ST新材,20140417,20150409,20140416,*ST
1246,000505.SZ,珠江控股,20140416,20160425,20140415,撤销*ST
1247,000582.SZ,北部湾港,20140416,,20140416,改名
1248,600306.SH,*ST商城,20140416,20150302,20140415,*ST
1249,300083.SZ,劲胜精密,20140416,20170712,20140416,其他
1250,600689.SH,*ST三毛,20140415,20150302,20140414,*ST
1251,000416.SZ,民生控股,20140414,,20140414,改名
1252,002134.SZ,*ST普林,20140414,20150415,20140411,*ST
1253,600398.SH,海澜之家,20140411,,20140404,改名
1254,002373.SZ,*ST联信,20140411,20140615,20140410,*ST
1255,000616.SZ,亿城投资,20140411,20150205,20140411,改名
1256,000902.SZ,中国服装,20140410,20140511,20140409,撤销*ST
1257,600247.SH,ST成城,20140410,20140630,20140409,ST
1258,000090.SZ,天健集团,20140410,,20140410,其他
1259,000898.SZ,鞍钢股份,20140410,,20140409,撤销*ST
1260,600873.SH,梅花生物,20140409,,20140402,其他
1261,600634.SH,中技控股,20140408,20170319,20140404,其他
1262,600769.SH,祥龙电业,20140404,,20140403,撤销*ST
1263,000958.SZ,东方热电,20140403,20141014,20140402,撤销*ST
1264,002265.SZ,西仪股份,20140403,,20140402,撤销*ST
1265,601919.SH,中国远洋,20140403,20161207,20140402,撤销*ST
1266,600781.SH,辅仁药业,20140402,20190902,20140327,改名
1267,600072.SH,*ST钢构,20140401,20150510,20140331,*ST
1268,600860.SH,*ST京城,20140331,20150323,20140328,*ST
1269,600075.SH,*ST新业,20140331,20150402,20140328,*ST
1270,600871.SH,*ST仪化,20140331,20150330,20140328,*ST
1271,000056.SZ,深国商,20140331,20150917,20140328,撤销*ST
1272,600421.SH,国药科技,20140331,20140508,20140328,撤销*ST
1273,600234.SH,*ST山水,20140328,20140420,20140326,改名
1274,600598.SH,*ST大荒,20140328,20150402,20140327,*ST
1275,600610.SH,S*ST中纺,20140328,20141124,20140327,*ST
1276,000902.SZ,*ST中服,20140327,20140409,20140326,*ST
1277,000755.SZ,*ST三维,20140326,20150506,20140325,*ST
1278,600980.SH,北矿磁材,20140326,20160628,20140325,撤销*ST
1279,300043.SZ,互动娱乐,20140325,20160828,20140325,改名
1280,600617.SH,联华合纤,20140325,20140716,20140324,撤销*ST
1281,000717.SZ,韶钢松山,20140324,20160420,20140321,撤销*ST
1282,000928.SZ,*ST吉炭,20140324,20140929,20140321,*ST
1283,002015.SZ,ST霞客,20140321,20140429,20140320,ST
1284,600206.SH,有研新材,20140319,,20140313,改名
1285,000555.SZ,神州信息,20140319,,20140318,撤销*ST
1286,000605.SZ,渤海股份,20140318,,20140318,改名
1287,002459.SZ,*ST天业,20140317,20150412,20140314,*ST
1288,002162.SZ,斯米克,20140317,20151019,20140314,撤销*ST
1289,600707.SH,彩虹股份,20140314,,20140313,撤销*ST
1290,000042.SZ,中洲控股,20140314,,20140314,改名
1291,000018.SZ,中冠A,20140313,20151206,20140312,撤销*ST
1292,600550.SH,*ST天威,20140312,20150317,20140311,*ST
1293,002127.SZ,*ST新民,20140311,20150422,20140310,*ST
1294,002160.SZ,*ST常铝,20140311,20150319,20140310,*ST
1295,000908.SZ,天一科技,20140311,20150406,20140310,撤销*ST
1296,600444.SH,国通管业,20140310,20150419,20140307,撤销*ST
1297,600603.SH,大洲兴业,20140310,20160214,20140307,撤销*ST
1298,600155.SH,宝硕股份,20140310,20180711,20140307,撤销*ST
1299,600760.SH,中航黑豹,20140307,20160426,20140306,撤销*ST
1300,600961.SH,株冶集团,20140306,,20140305,撤销*ST
1301,002013.SZ,中航机电,20140305,,20140305,改名
1302,002200.SZ,绿大地,20140305,20140810,20140304,撤销*ST
1303,000059.SZ,华锦股份,20140305,20150414,20140305,改名
1304,000667.SZ,美好集团,20140228,20161025,20140228,改名
1305,600538.SH,北海国发,20140224,20140611,20140221,撤销*ST
1306,002047.SZ,宝鹰股份,20140220,,20140220,改名
1307,000822.SZ,*ST海化,20140218,20150323,20140215,*ST
1308,600072.SH,钢构工程,20140218,20140331,20140212,改名
1309,600860.SH,京城股份,20140210,20140330,20140129,改名
1310,002164.SZ,宁波东力,20140128,20140422,20140128,改名
1311,002379.SZ,鲁丰环保,20140124,20160421,20140124,改名
1312,000622.SZ,恒立实业,20140122,20160428,20140122,改名
1313,600313.SH,农发种业,20140121,,20140115,改名
1314,601669.SH,中国电建,20140116,,20140110,改名
1315,000511.SZ,烯碳新材,20140114,20160503,20140114,改名
1316,002047.SZ,成霖股份,20140113,20140219,20140110,撤销*ST
1317,002285.SZ,世联行,20140113,,20140113,改名
1318,000693.SZ,华泽钴镍,20140110,20160503,20140103,其他
1319,000509.SZ,*ST华塑,20140109,20140518,20140107,完成股改
1320,600419.SH,天润乳业,20140106,,20140101,改名
1321,002219.SZ,恒康医疗,20140103,,20140103,改名
1322,000413.SZ,东旭光电,20140103,,20140103,改名
1323,601113.SH,华鼎股份,20140103,20191008,20131231,其他
1324,002266.SZ,浙富控股,20140102,,20140102,改名
1325,600728.SH,佳都科技,20140102,,20131226,其他
1326,000693.SZ,*ST聚友,20131231,20140109,20131227,完成股改
1327,000815.SZ,美利纸业,20131231,20150415,20131230,撤销*ST
1328,000409.SZ,山东地矿,20131225,20180624,20131225,改名
1329,600112.SH,天成控股,20131224,20170426,20131218,改名
1330,600323.SH,瀚蓝环境,20131210,,20131203,改名
1331,000657.SZ,中钨高新,20131125,,20131122,撤销*ST
1332,002501.SZ,利源精制,20131120,20190505,20131120,改名
1333,000972.SZ,新中基,20131106,20160510,20131105,撤销*ST
1334,000504.SZ,*ST传媒,20131029,20150330,20131028,*ST
1335,600613.SH,神奇制药,20131022,,20131017,改名
1336,600280.SH,中央商场,20131022,,20131017,其他
1337,000010.SZ,深华新,20131018,20160508,20131017,撤销ST
1338,600578.SH,京能电力,20131010,,20130927,改名
1339,000677.SZ,恒天海龙,20130924,20150311,20130924,改名
1340,002691.SZ,石中装备,20130924,20150705,20130924,其他
1341,002521.SZ,齐峰新材,20130913,,20130913,改名
1342,600869.SH,远东电缆,20130913,20140811,20130910,改名
1343,600258.SH,首旅酒店,20130910,,20130905,改名
1344,002150.SZ,通润装备,20130906,,20130906,其他
1345,002524.SZ,光正集团,20130902,,20130831,改名
1346,600332.SH,白云山,20130829,,20130826,改名
1347,600688.SH,上海石化,20130820,,20130814,完成股改
1348,600871.SH,仪征化纤,20130820,20140330,20130814,完成股改
1349,000681.SZ,远东股份,20130819,20140819,20130816,撤销*ST
1350,300076.SZ,GQY视讯,20130807,,20130807,其他
1351,000545.SZ,金浦钛业,20130726,,20130726,其他
1352,600490.SH,鹏欣资源,20130725,,20130723,改名
1353,600292.SH,中电远达,20130724,20160511,20130719,改名
1354,000889.SZ,茂业物流,20130722,20151103,20130720,改名
1355,000010.SZ,ST华新,20130719,20131017,20130717,完成股改
1356,600562.SH,国睿科技,20130716,,20130710,改名
1357,600771.SH,广誉远,20130709,,20130704,改名
1358,600698.SH,ST轻骑,20130708,20140504,20130629,恢复上市加N
1359,600698.SH,NST轻骑,20130705,20130707,20130629,其他
1360,002702.SZ,海欣食品,20130704,,20130704,改名
1361,000677.SZ,山东海龙,20130703,20130923,20130702,撤销*ST
1362,000820.SZ,金城股份,20130619,20161215,20130618,撤销*ST
1363,002002.SZ,鸿达兴业,20130617,,20130617,改名
1364,000687.SZ,恒天天鹅,20130614,20151022,20130614,改名
1365,600309.SH,万华化学,20130606,,20130531,改名
1366,000155.SZ,川化股份,20130606,20150401,20130605,撤销*ST
1367,600751.SH,天津海运,20130604,20150707,20130528,完成股改
1368,601886.SH,江河创建,20130603,20160406,20130529,改名
1369,000688.SZ,建新矿业,20130531,20180802,20130531,改名
1370,000662.SZ,索芙特,20130529,20160502,20130528,撤销*ST
1371,000613.SZ,大东海A,20130527,20170404,20130524,撤销ST
1372,000622.SZ,岳阳恒立,20130524,20140121,20130523,撤销*ST
1373,002072.SZ,德棉股份,20130523,20141123,20130522,撤销ST
1374,000068.SZ,华控赛格,20130521,20150324,20130520,撤销ST
1375,000673.SZ,当代东方,20130520,,20130517,撤销ST
1376,000670.SZ,S舜元,20130520,20140714,20130517,摘星改名
1377,000720.SZ,新能泰山,20130517,20180422,20130516,撤销*ST
1378,000038.SZ,深大通,20130514,,20130513,撤销*ST
1379,000633.SZ,合金投资,20130513,20160426,20130510,撤销ST
1380,000669.SZ,金鸿能源,20130513,20170912,20130513,改名
1381,600877.SH,中国嘉陵,20130510,20170502,20130509,撤销*ST
1382,002019.SZ,鑫富药业,20130510,20141130,20130509,撤销*ST
1383,000788.SZ,北大医药,20130509,,20130509,改名
1384,600766.SH,园城黄金,20130509,,20130508,摘星改名
1385,600671.SH,天目药业,20130509,,20130508,撤销ST
1386,000955.SZ,欣龙控股,20130508,,20130507,撤销ST
1387,002102.SZ,冠福家用,20130507,20140820,20130506,撤销*ST
1388,600250.SH,南纺股份,20130506,,20130503,撤销*ST
1389,000498.SZ,山东路桥,20130506,,20130503,撤销*ST
1390,600556.SH,*ST北生,20130503,20140507,20130502,*ST
1391,600555.SH,*ST九龙,20130503,20140429,20130427,*ST
1392,600769.SH,*ST祥龙,20130503,20140403,20130502,*ST
1393,600265.SH,*ST景谷,20130503,20140428,20130502,*ST
1394,002506.SZ,*ST超日,20130503,20150308,20130427,*ST
1395,600617.SH,*ST联华,20130503,20140324,20130427,*ST
1396,000806.SZ,银河投资,20130503,20151027,20130502,摘星改名
1397,600358.SH,*ST联合,20130503,20140423,20130502,*ST
1398,600301.SH,*ST南化,20130503,20140422,20130502,*ST
1399,600234.SH,*ST天龙,20130502,20140327,20130426,*ST
1400,000509.SZ,S*ST华塑,20130502,20140108,20130426,*ST
1401,600444.SH,*ST国通,20130502,20140309,20130426,*ST
1402,000908.SZ,*ST天一,20130502,20140310,20130426,*ST
1403,600392.SH,盛和资源,20130502,,20130426,摘星改名
1404,000594.SZ,*ST国恒,20130502,20150528,20130426,*ST
1405,600381.SH,*ST贤成,20130502,20150209,20130426,*ST
1406,600319.SH,*ST亚星,20130502,20140507,20130426,*ST
1407,000555.SZ,*ST太光,20130502,20140318,20130426,*ST
1408,000899.SZ,赣能股份,20130502,,20130426,撤销*ST
1409,000688.SZ,朝华集团,20130426,20130530,20130419,其他
1410,000953.SZ,*ST河化,20130426,20140428,20130425,*ST
1411,000672.SZ,上峰水泥,20130426,,20130425,其他
1412,600771.SH,东盛科技,20130426,20130708,20130425,撤销ST
1413,000958.SZ,*ST东热,20130426,20140402,20130426,*ST
1414,000420.SZ,吉林化纤,20130426,,20130425,撤销*ST
1415,600074.SH,*ST中达,20130426,20140513,20130426,*ST
1416,300263.SZ,隆华节能,20130425,20180913,20130425,改名
1417,000767.SZ,漳泽电力,20130425,,20130424,撤销*ST
1418,000520.SZ,*ST凤凰,20130425,20150817,20130424,*ST
1419,601268.SH,*ST二重,20130424,,20130423,*ST
1420,000030.SZ,富奥股份,20130424,,20130423,摘星改名
1421,000018.SZ,*ST中冠A,20130424,20140312,20130423,*ST
1422,000676.SZ,*ST思达,20130424,20140511,20130423,*ST
1423,600751.SH,S天海,20130423,20130603,20130422,撤销ST
1424,000831.SZ,五矿稀土,20130423,20160410,20130422,摘星改名
1425,000921.SZ,海信科龙,20130423,20181015,20130422,其他
1426,600892.SH,宝诚股份,20130422,20160626,20130419,撤销ST
1427,000739.SZ,普洛药业,20130422,,20130420,改名
1428,000008.SZ,宝利来,20130419,20150312,20130418,撤销ST
1429,000585.SZ,东北电气,20130419,20180401,20130418,撤销*ST
1430,000971.SZ,蓝鼎控股,20130419,20151111,20130419,改名
1431,000757.SZ,浩物股份,20130419,,20130418,撤销*ST
1432,000838.SZ,国兴地产,20130418,20151117,20130417,撤销*ST
1433,000971.SZ,湖北迈亚,20130418,20130418,20130417,撤销ST
1434,002114.SZ,罗平锌电,20130418,,20130417,撤销*ST
1435,600691.SH,阳煤化工,20130417,20150412,20130413,改名
1436,002047.SZ,*ST成霖,20130415,20140112,20130412,*ST
1437,000576.SZ,广东甘化,20130415,,20130412,撤销*ST
1438,600359.SH,新农开发,20130410,,20130409,撤销*ST
1439,002520.SZ,日发精机,20130410,,20130410,改名
1440,000638.SZ,万方发展,20130409,,20130409,改名
1441,600733.SH,S前锋,20130408,20170321,20130403,撤销*ST
1442,600462.SH,石岘纸业,20130408,20160523,20130403,撤销*ST
1443,000995.SZ,皇台酒业,20130403,20150427,20130402,撤销ST
1444,600691.SH,东新电碳,20130403,20130416,20130402,撤销*ST
1445,600980.SH,*ST北磁,20130403,20140325,20130402,*ST
1446,000595.SZ,西北轴承,20130403,20150604,20130402,撤销*ST
1447,000409.SZ,泰复实业,20130403,20131224,20130402,撤销ST
1448,600760.SH,*ST黑豹,20130402,20140306,20130330,*ST
1449,600707.SH,*ST彩虹,20130401,20140313,20130329,*ST
1450,600538.SH,*ST国发,20130401,20140223,20130329,*ST
1451,000617.SZ,*ST济柴,20130401,20140422,20130329,*ST
1452,000505.SZ,*ST珠江,20130329,20140415,20130328,*ST
1453,000898.SZ,*ST鞍钢,20130329,20140409,20130328,*ST
1454,002113.SZ,天润控股,20130329,20160705,20130328,撤销ST
1455,601919.SH,*ST远洋,20130329,20140402,20130328,*ST
1456,600455.SH,博通股份,20130328,,20130327,撤销ST
1457,000892.SZ,星美联合,20130328,20150422,20130327,撤销*ST
1458,002265.SZ,*ST西仪,20130327,20140402,20130326,*ST
1459,000975.SZ,银泰资源,20130325,20191016,20130323,改名
1460,000605.SZ,四环药业,20130322,20140317,20130321,撤销*ST
1461,002024.SZ,苏宁云商,20130322,20180206,20130322,改名
1462,600961.SH,*ST株冶,20130315,20140305,20130314,*ST
1463,600870.SH,厦华电子,20130314,20150503,20130313,撤销ST
1464,000068.SZ,ST华赛,20130313,20130520,20130313,改名
1465,600338.SH,西藏珠峰,20130312,,20130311,撤销*ST
1466,600076.SH,青鸟华光,20130307,20160131,20130306,撤销*ST
1467,600381.SH,ST贤成,20130306,20130501,20130305,ST
1468,600885.SH,宏发股份,20130226,,20130225,撤销ST
1469,002004.SZ,华邦颖泰,20130221,20150908,20130221,改名
1470,600817.SH,ST宏盛,20130218,20160427,20130201,恢复上市加N
1471,600556.SH,ST北生,20130218,20130502,20130205,恢复上市加N
1472,600817.SH,NST宏盛,20130208,20130217,20130201,其他
1473,000498.SZ,*ST路桥,20130208,20130505,20130201,改名
1474,600608.SH,上海科技,20130208,20150428,20130207,撤销ST
1475,600621.SH,华鑫股份,20130208,,20130204,改名
1476,000622.SZ,*ST恒立,20130208,20130523,20130201,其他
1477,000403.SZ,*ST生化,20130208,20141106,20130201,其他
1478,600556.SH,NST北生,20130208,20130217,20130205,其他
1479,002162.SZ,*ST上控,20130208,20140316,20130207,*ST
1480,600988.SH,赤峰黄金,20130207,,20130206,其他
1481,600705.SH,中航投资,20130206,20140729,20130205,撤销ST
1482,000717.SZ,*ST韶钢,20130205,20140323,20130204,*ST
1483,600678.SH,四川金顶,20130204,,20130201,撤销*ST
1484,002002.SZ,金材股份,20130204,20130616,20130201,撤销ST
1485,600083.SH,博信股份,20130201,,20130131,撤销ST
1486,002506.SZ,ST超日,20130201,20130502,20130131,ST
1487,600722.SH,金牛化工,20130131,20150420,20130130,撤销ST
1488,600681.SH,万鸿集团,20130131,20160425,20130130,撤销ST
1489,600656.SH,博元投资,20130130,20150330,20130129,撤销ST
1490,300271.SZ,华宇软件,20130129,,20130129,改名
1491,000922.SZ,佳电股份,20130125,20170320,20130124,撤销ST
1492,300143.SZ,星河生物,20130123,20170705,20130123,改名
1493,000669.SZ,领先科技,20130114,20130512,20130111,撤销*ST
1494,000757.SZ,*ST浩物,20130110,20130418,20130110,改名
1495,000768.SZ,中航飞机,20121227,,20121227,改名
1496,000791.SZ,甘肃电投,20121227,,20121227,改名
1497,002145.SZ,中核钛白,20121227,,20121226,撤销*ST
1498,600532.SH,宏达矿业,20121221,,20121218,改名
1499,000736.SZ,中房地产,20121220,20171026,20121220,改名
1500,600532.SH,华阳科技,20121212,20121220,20121211,撤销*ST
1501,000665.SZ,湖北广电,20121211,,20121211,改名
1502,600885.SH,ST宏发,20121204,20130225,20121129,改名
1503,000408.SZ,金谷源,20121128,20160427,20121127,撤销ST
1504,600882.SH,华联矿业,20121123,20160825,20121122,摘星改名
1505,600868.SH,梅雁吉祥,20121115,,20121110,改名
1506,000156.SZ,华数传媒,20121019,,20121012,其他
1507,600706.SH,曲江文旅,20120928,,20120927,改名
1508,600265.SH,ST景谷,20120927,20130502,20120926,ST
1509,000922.SZ,ST佳电,20120921,20130124,20120921,改名
1510,600180.SH,瑞茂通,20120921,,20120918,改名
1511,600604.SH,市北高新,20120920,,20120915,改名
1512,600098.SH,广州发展,20120918,,20120914,改名
1513,000587.SZ,金叶珠宝,20120910,20160424,20120907,撤销ST
1514,600604.SH,二纺机,20120905,20120919,20120904,撤销*ST
1515,600706.SH,长安信息,20120904,20120927,20120903,撤销ST
1516,600074.SH,中达股份,20120904,20130425,20120903,撤销ST
1517,600490.SH,中科合臣,20120904,20130724,20120903,撤销ST
1518,600444.SH,国通管业,20120903,20130501,20120831,撤销ST
1519,600180.SH,九发股份,20120903,20120920,20120831,撤销ST
1520,600640.SH,号百控股,20120903,,20120829,改名
1521,600515.SH,海岛建设,20120903,20160128,20120831,撤销ST
1522,600894.SH,广日股份,20120831,,20120830,摘星改名
1523,600705.SH,ST航投,20120831,20130205,20120823,恢复上市加N
1524,600800.SH,天津磁卡,20120831,,20120830,撤销ST
1525,600715.SH,松辽汽车,20120830,20150129,20120829,撤销ST
1526,600228.SH,昌九生化,20120830,20140504,20120829,撤销ST
1527,600705.SH,NST航投,20120830,20120830,20120823,其他
1528,600299.SH,蓝星新材,20120830,20140416,20120829,撤销ST
1529,600145.SH,国创能源,20120829,20140504,20120828,撤销ST
1530,600275.SH,武昌鱼,20120829,20170501,20120828,撤销ST
1531,600084.SH,中葡股份,20120829,20190425,20120828,撤销ST
1532,600301.SH,南化股份,20120828,20130502,20120827,撤销ST
1533,600610.SH,S中纺机,20120828,20140327,20120827,撤销ST
1534,600419.SH,新疆天宏,20120828,20140105,20120827,撤销ST
1535,600281.SH,太化股份,20120828,,20120827,撤销ST
1536,600179.SH,黑化股份,20120827,20160310,20120824,撤销ST
1537,600538.SH,北海国发,20120824,20130331,20120823,撤销ST
1538,600506.SH,香梨股份,20120824,,20120823,撤销ST
1539,600890.SH,中房股份,20120824,,20120823,撤销ST
1540,600217.SH,秦岭水泥,20120824,20150317,20120823,撤销ST
1541,600562.SH,高淳陶瓷,20120824,20130715,20120823,撤销ST
1542,600860.SH,北人股份,20120823,20140209,20120822,撤销ST
1543,600355.SH,精伦电子,20120823,,20120822,撤销ST
1544,000906.SZ,物产中拓,20120823,20170118,20120823,改名
1545,600609.SH,金杯汽车,20120822,,20120821,撤销ST
1546,600149.SH,廊坊发展,20120822,20170427,20120821,撤销ST
1547,600207.SH,安彩高科,20120822,,20120821,撤销ST
1548,600868.SH,梅雁水电,20120822,20121114,20120821,撤销ST
1549,600203.SH,福日电子,20120820,,20120817,撤销ST
1550,600365.SH,通葡股份,20120816,,20120815,撤销*ST
1551,000856.SZ,冀东装备,20120808,20160410,20120807,其他
1552,600397.SH,安源煤业,20120803,20180418,20120731,改名
1553,000611.SZ,四海股份,20120803,20141021,20120803,改名
1554,000863.SZ,三湘股份,20120803,20161017,20120728,其他
1555,000001.SZ,平安银行,20120802,,20120802,改名
1556,000697.SZ,炼石有色,20120725,20181105,20120724,撤销*ST
1557,002049.SZ,同方国芯,20120723,20160619,20120723,改名
1558,600634.SH,ST澄海,20120719,20140407,20120713,改名
1559,600984.SH,建设机械,20120717,20150224,20120716,撤销ST
1560,600130.SH,波导股份,20120717,,20120716,撤销ST
1561,600209.SH,罗顿发展,20120716,20180423,20120713,撤销ST
1562,600313.SH,中农资源,20120712,20140120,20120711,撤销ST
1563,600634.SH,ST海鸟,20120704,20120718,20120627,恢复上市加N
1564,600455.SH,ST博通,20120704,20130327,20120627,恢复上市加N
1565,600634.SH,NST海鸟,20120703,20120703,20120627,其他
1566,600455.SH,NST博通,20120703,20120703,20120627,其他
1567,002173.SZ,千足珍珠,20120702,20160418,20120702,改名
1568,600727.SH,鲁北化工,20120627,,20120626,撤销ST
1569,600602.SH,仪电电子,20120627,20160621,20120621,改名
1570,000607.SZ,华智控股,20120627,20150118,20120626,撤销*ST
1571,000691.SZ,亚太实业,20120625,20160503,20120621,撤销*ST
1572,300143.SZ,菇木真,20120620,20130122,20120620,改名
1573,000722.SZ,湖南发展,20120615,,20120606,其他
1574,600074.SH,ST中达,20120612,20120903,20120611,摘星
1575,600080.SH,金花股份,20120612,,20120611,撤销ST
1576,600256.SH,广汇能源,20120612,,20120607,改名
1577,600671.SH,ST天目,20120611,20130508,20120608,摘星
1578,002045.SZ,国光电器,20120611,,20120611,其他
1579,600228.SH,ST昌九,20120611,20120829,20120608,摘星
1580,000048.SZ,康达尔,20120531,20180701,20120530,撤销ST
1581,600715.SH,ST松辽,20120528,20120829,20120525,摘星
1582,600281.SH,ST太化,20120528,20120827,20120525,摘星
1583,000409.SZ,ST泰复,20120523,20130402,20120522,摘星
1584,000737.SZ,南风化工,20120522,20180213,20120521,撤销*ST
1585,002113.SZ,ST天润,20120522,20130328,20120521,摘星
1586,600847.SH,万里股份,20120518,20170502,20120517,撤销ST
1587,600854.SH,春兰股份,20120518,,20120517,撤销ST
1588,600401.SH,海润光伏,20120511,20150423,20120510,其他
1589,600981.SH,汇鸿股份,20120509,20150823,20120504,改名
1590,000603.SZ,盛达矿业,20120508,20191028,20120507,撤销ST
1591,600435.SH,北方导航,20120507,,20120427,改名
1592,000007.SZ,零七股份,20120504,20160216,20120503,撤销ST
1593,600250.SH,*ST南纺,20120503,20130505,20120502,*ST
1594,600359.SH,*ST新农,20120503,20130409,20120502,*ST
1595,000972.SZ,*ST中基,20120502,20131105,20120427,*ST
1596,600392.SH,*ST天成,20120502,20130501,20120502,*ST
1597,600421.SH,*ST国药,20120502,20140330,20120427,*ST
1598,600579.SH,*ST黄海,20120502,20140428,20120427,*ST
1599,600766.SH,*ST园城,20120502,20130508,20120427,*ST
1600,600877.SH,*ST嘉陵,20120502,20130509,20120427,*ST
1601,000767.SZ,*ST漳电,20120427,20130424,20120426,*ST
1602,002019.SZ,*ST鑫富,20120427,20130509,20120426,*ST
1603,600338.SH,*ST珠峰,20120427,20130311,20120426,*ST
1604,600335.SH,国机汽车,20120427,,20120426,摘星改名
1605,000155.SZ,*ST川化,20120427,20130605,20120426,*ST
1606,600203.SH,ST福日,20120426,20120819,20120425,摘星
1607,600892.SH,ST宝诚,20120426,20130421,20120425,摘星
1608,000751.SZ,*ST锌业,20120426,20140805,20120425,*ST
1609,002102.SZ,*ST冠福,20120426,20130506,20120425,*ST
1610,000806.SZ,*ST银河,20120426,20130502,20120425,*ST
1611,600083.SH,ST博信,20120426,20130131,20120425,摘星
1612,000430.SZ,张家界,20120425,,20120424,撤销ST
1613,000815.SZ,*ST美利,20120424,20131230,20120423,*ST
1614,000056.SZ,*ST国商,20120423,20140330,20120420,*ST
1615,000677.SZ,*ST海龙,20120423,20130702,20120420,*ST
1616,000720.SZ,*ST能山,20120423,20130516,20120420,*ST
1617,000662.SZ,*ST索芙,20120423,20130528,20120420,*ST
1618,600385.SH,*ST金泰,20120420,20140805,20120419,*ST
1619,000697.SZ,*ST炼石,20120419,20120724,20120419,改名
1620,600076.SH,*ST华光,20120417,20130306,20120416,*ST
1621,000602.SZ,金马集团,20120416,,20120413,撤销*ST
1622,600087.SH,*ST长油,20120413,20140420,20120412,*ST
1623,000899.SZ,*ST赣能,20120412,20130501,20120411,*ST
1624,000981.SZ,银亿股份,20120409,20190505,20120406,其他
1625,000838.SZ,*ST国兴,20120405,20130417,20120330,*ST
1626,000585.SZ,*ST东电,20120405,20130418,20120330,*ST
1627,600532.SH,*ST华科,20120330,20121211,20120329,*ST
1628,600728.SH,佳都新太,20120330,20140101,20120328,改名
1629,000526.SZ,银润投资,20120329,20160712,20120329,改名
1630,600149.SH,ST廊发展,20120327,20120821,20120326,其他
1631,600062.SH,华润双鹤,20120327,,20120323,改名
1632,600757.SH,长江传媒,20120326,,20120323,其他
1633,002002.SZ,ST金材,20120326,20130203,20120326,改名
1634,002114.SZ,*ST锌电,20120323,20130417,20120322,*ST
1635,600022.SH,山东钢铁,20120322,,20120320,改名
1636,600882.SH,*ST大成,20120320,20121122,20120319,*ST
1637,000669.SZ,*ST领先,20120320,20130113,20120319,*ST
1638,600381.SH,贤成矿业,20120320,20130305,20120319,撤销ST
1639,600375.SH,华菱星马,20120320,20160411,20120316,改名
1640,600645.SH,中源协和,20120319,,20120316,撤销ST
1641,600733.SH,S*ST前锋,20120316,20130407,20120315,*ST
1642,600699.SH,均胜电子,20120316,,20120314,改名
1643,000818.SZ,方大化工,20120313,20180422,20120312,撤销ST
1644,000605.SZ,*ST四环,20120312,20130321,20120309,*ST
1645,600055.SH,华润万东,20120306,20160927,20120302,改名
1646,600094.SH,大名城,20120301,,20120229,其他
1647,600699.SH,辽源得亨,20120301,20120315,20120229,撤销ST
1648,000576.SZ,*ST甘化,20120229,20130414,20120228,*ST
1649,000420.SZ,*ST吉纤,20120228,20130425,20120227,*ST
1650,600401.SH,ST申龙,20120220,20120510,20120210,恢复上市加N
1651,600401.SH,NST申龙,20120217,20120219,20120210,其他
1652,600894.SH,*ST广钢,20120214,20120830,20120213,*ST
1653,000506.SZ,中润资源,20120119,,20120119,改名
1654,600603.SH,*ST兴业,20120119,20140309,20120118,*ST
1655,600104.SH,上汽集团,20120109,,20111230,其他
1656,000936.SZ,华西股份,20120105,,20120105,其他
1657,000809.SZ,铁岭新城,20120104,20170425,20120104,改名
1658,000028.SZ,国药一致,20120104,,20111231,改名
1659,600077.SH,宋都股份,20111230,,20111226,改名
1660,600537.SH,亿晶光电,20111230,,20111228,改名
1661,600449.SH,宁夏建材,20111230,,20111227,改名
1662,600637.SH,百视通,20111229,20150618,20111227,改名
1663,600617.SH,ST联华,20111222,20130502,20111221,摘星
1664,600084.SH,ST中葡,20111222,20120828,20111221,摘星
1665,600885.SH,ST力阳,20111222,20121203,20111221,摘星
1666,000426.SZ,兴业矿业,20111222,,20111222,改名
1667,600301.SH,ST南化,20111219,20120827,20111216,摘星
1668,000587.SZ,ST金叶,20111216,20120909,20111216,改名
1669,600515.SH,ST海建,20111216,20120902,20111213,改名
1670,600180.SH,ST九发,20111215,20120902,20111214,摘星
1671,000719.SZ,大地传媒,20111202,20180114,20111125,其他
1672,002204.SZ,大连重工,20111201,,20111201,改名
1673,600984.SH,ST建机,20111115,20120716,20111114,摘星
1674,600898.SH,三联商社,20111114,20170615,20111111,撤销ST
1675,000603.SZ,ST盛达,20111111,20120507,20111111,改名
1676,000676.SZ,ST思达,20111110,20130423,20111109,摘星
1677,600340.SH,华夏幸福,20111102,,20111101,其他
1678,600792.SH,云煤能源,20111101,,20111031,摘星改名
1679,600077.SH,百科集团,20111101,20111229,20111031,撤销ST
1680,600209.SH,ST罗顿,20111101,20120715,20111031,摘星
1681,600145.SH,ST国创,20111028,20120828,20111027,摘星
1682,000587.SZ,ST光明,20111028,20111215,20111027,摘星
1683,000603.SZ,ST威达,20111028,20111110,20111027,摘星
1684,000716.SZ,南方食品,20111027,20141111,20111026,撤销*ST
1685,000509.SZ,SST华塑,20111026,20130501,20111025,摘星
1686,000415.SZ,渤海租赁,20111026,20160222,20111025,其他
1687,600313.SH,ST中农,20111020,20120711,20111013,恢复上市加N
1688,600313.SH,NST中农,20111019,20111019,20111013,其他
1689,002572.SZ,索菲亚,20111017,,20111017,改名
1690,000035.SZ,*ST科健,20111012,20140421,20111011,*ST
1691,600094.SH,ST华源,20111012,20120229,20110928,恢复上市加N
1692,600094.SH,NST华源,20111011,20111011,20110928,其他
1693,600633.SH,浙报传媒,20110930,20170413,20110923,恢复上市加N
1694,000818.SZ,ST化工,20110930,20120312,20110929,摘星
1695,600633.SH,N浙传媒,20110929,20110929,20110923,其他
1696,002254.SZ,泰和新材,20110923,,20110923,改名
1697,600656.SH,ST博元,20110916,20130129,20110914,改名
1698,600165.SH,新日恒力,20110913,,20110907,改名
1699,600681.SH,ST万鸿,20110909,20130130,20110901,恢复上市加N
1700,600681.SH,NST万鸿,20110908,20110908,20110901,其他
1701,600988.SH,ST宝龙,20110906,20130206,20110905,摘星
1702,600608.SH,ST沪科,20110906,20130207,20110905,摘星
1703,000677.SZ,ST海龙,20110905,20120422,20110902,ST
1704,600891.SH,秋林集团,20110901,20190409,20110831,撤销ST
1705,600057.SH,象屿股份,20110830,20180516,20110823,恢复上市加N
1706,600057.SH,N象屿,20110829,20110829,20110823,其他
1707,000981.SZ,ST兰光,20110826,20120408,20110819,其他
1708,600699.SH,ST得亨,20110825,20120229,20110824,摘星
1709,600562.SH,ST高陶,20110825,20120823,20110824,摘星
1710,000656.SZ,金科股份,20110823,,20110822,其他
1711,600757.SH,ST源发,20110822,20120325,20110819,摘星
1712,600538.SH,ST国发,20110822,20120823,20110819,摘星
1713,000732.SZ,泰禾集团,20110819,,20110819,改名
1714,600727.SH,ST鲁北,20110819,20120626,20110812,恢复上市加N
1715,000587.SZ,*ST光明,20110818,20111027,20110816,完成股改
1716,600727.SH,NST鲁北,20110818,20110818,20110812,其他
1717,000979.SZ,中弘股份,20110817,20181115,20110817,其他
1718,002401.SZ,中海科技,20110816,20170504,20110816,改名
1719,000035.SZ,ST科健,20110811,20111011,20110810,摘星
1720,000750.SZ,国海证券,20110809,,20110806,其他
1721,600490.SH,ST合臣,20110808,20120903,20110805,摘星
1722,600728.SH,新太科技,20110808,20120329,20110805,撤销ST
1723,000760.SZ,博盈投资,20110805,20140604,20110804,撤销*ST
1724,600091.SH,ST明科,20110804,20150503,20110803,摘星
1725,000502.SZ,绿景控股,20110803,,20110803,改名
1726,600898.SH,ST三联,20110726,20111113,20110718,恢复上市加N
1727,600898.SH,NST三联,20110725,20110725,20110718,其他
1728,600723.SH,首商股份,20110725,,20110721,改名
1729,600217.SH,ST秦岭,20110722,20120823,20110721,摘星
1730,000586.SZ,汇源通信,20110721,,20110720,撤销ST
1731,600145.SH,*ST国创,20110720,20111027,20110715,改名
1732,600348.SH,阳泉煤业,20110712,,20110708,改名
1733,000620.SZ,新华联,20110708,,20110701,其他
1734,600299.SH,ST新材,20110708,20120829,20110707,摘星
1735,600702.SH,沱牌舍得,20110708,20180131,20110702,改名
1736,600711.SH,盛屯矿业,20110706,,20110702,改名
1737,600080.SH,ST金花,20110706,20120611,20110705,摘星
1738,600444.SH,ST国通,20110705,20120902,20110705,摘星
1739,600539.SH,ST狮头,20110630,20140707,20110629,ST
1740,000719.SZ,*ST鑫安,20110627,20111201,20110623,完成股改
1741,600609.SH,ST金杯,20110624,20120821,20110623,摘星
1742,600769.SH,ST祥龙,20110624,20130502,20110623,摘星
1743,600355.SH,ST精伦,20110624,20120822,20110623,摘星
1744,000673.SZ,ST当代,20110622,20130519,20110621,摘星
1745,000040.SZ,宝安地产,20110620,20160714,20110620,改名
1746,000516.SZ,开元投资,20110615,20150112,20110615,改名
1747,600963.SH,岳阳林纸,20110615,,20110610,改名
1748,600520.SH,中发科技,20110610,20160417,20110608,改名
1749,600193.SH,创兴资源,20110608,20180502,20110603,改名
1750,000703.SZ,恒逸石化,20110608,,20110607,其他
1751,000004.SZ,国农科技,20110608,,20110607,撤销ST
1752,002072.SZ,ST德棉,20110603,20130522,20110602,摘星
1753,600372.SH,中航电子,20110603,,20110602,其他
1754,600721.SH,百花村,20110603,20160307,20110602,撤销ST
1755,000620.SZ,*ST圣方,20110602,20110707,20110531,完成股改
1756,000908.SZ,ST天一,20110601,20130501,20110531,摘星
1757,000981.SZ,*ST兰光,20110530,20110825,20110526,完成股改
1758,000732.SZ,福建三农,20110530,20110818,20110527,撤销ST
1759,600860.SH,ST北人,20110527,20120822,20110526,摘星
1760,000408.SZ,ST金谷源,20110526,20121127,20110525,摘星
1761,600179.SH,ST黑化,20110524,20120826,20110523,摘星
1762,000759.SZ,中百集团,20110523,,20110523,改名
1763,000958.SZ,ST东热,20110523,20130425,20110520,摘星
1764,000953.SZ,ST河化,20110520,20130425,20110519,摘星
1765,000504.SZ,ST传媒,20110517,20131028,20110516,摘星
1766,000922.SZ,ST阿继,20110516,20120920,20110513,摘星
1767,000572.SZ,海马汽车,20110512,20190423,20110512,改名
1768,000792.SZ,盐湖股份,20110512,20190429,20110512,改名
1769,000930.SZ,中粮生化,20110511,20190924,20110511,改名
1770,600722.SH,ST金化,20110506,20130130,20110505,摘星
1771,600515.SH,ST筑信,20110506,20111215,20110505,摘星
1772,600077.SH,ST百科,20110506,20111031,20110505,摘星
1773,600671.SH,*ST天目,20110504,20120610,20110503,*ST
1774,600766.SH,ST园城,20110504,20120501,20110503,ST
1775,002200.SZ,*ST大地,20110504,20140304,20110503,*ST
1776,600704.SH,物产中大,20110503,,20110426,其他
1777,000409.SZ,*ST泰复,20110503,20120522,20110429,*ST
1778,600740.SH,山西焦化,20110503,,20110429,撤销*ST
1779,600714.SH,金瑞矿业,20110429,,20110428,撤销ST
1780,600715.SH,*ST松辽,20110429,20120527,20110428,*ST
1781,002113.SZ,*ST天润,20110428,20120521,20110427,*ST
1782,000545.SZ,*ST吉药,20110428,20130725,20110427,*ST
1783,600960.SH,渤海活塞,20110427,20180605,20110421,其他
1784,600281.SH,*ST太化,20110427,20120527,20110426,*ST
1785,600074.SH,*ST中达,20110426,20120611,20110425,*ST
1786,600228.SH,*ST昌九,20110426,20120610,20110425,*ST
1787,600327.SH,大东方,20110426,,20110421,改名
1788,000737.SZ,*ST南风,20110425,20120521,20110422,*ST
1789,000595.SZ,*ST西轴,20110420,20130402,20110419,*ST
1790,000703.SZ,ST光华,20110419,20110607,20110418,摘星
1791,001896.SZ,豫能控股,20110419,,20110418,撤销*ST
1792,000607.SZ,*ST华控,20110419,20120626,20110418,*ST
1793,600876.SH,洛阳玻璃,20110419,,20110418,撤销ST
1794,600131.SH,岷江水电,20110414,,20110413,撤销*ST
1795,600373.SH,中文传媒,20110414,,20110413,撤销*ST
1796,000430.SZ,ST张家界,20110413,20120424,20110412,摘星
1797,000973.SZ,佛塑科技,20110413,,20110413,改名
1798,000902.SZ,中国服装,20110412,20140326,20110411,撤销*ST
1799,000415.SZ,ST汇通,20110408,20111025,20110407,摘星
1800,002075.SZ,沙钢股份,20110408,,20110330,撤销*ST
1801,600242.SH,中昌海运,20110407,20150503,20110406,撤销ST
1802,000736.SZ,重庆实业,20110407,20121219,20110406,撤销ST
1803,600698.SH,*ST轻骑,20110406,20130704,20110401,*ST
1804,000034.SZ,深信泰丰,20110401,20160424,20110331,撤销ST
1805,000673.SZ,*ST当代,20110401,20110621,20110401,改名
1806,000976.SZ,春晖股份,20110329,20150310,20110328,撤销*ST
1807,600792.SH,*ST马龙,20110329,20111031,20110328,*ST
1808,000629.SZ,攀钢钒钛,20110328,20160502,20110325,撤销*ST
1809,600783.SH,鲁信创投,20110321,,20110316,改名
1810,600604.SH,*ST二纺,20110315,20120904,20110314,*ST
1811,600873.SH,梅花集团,20110311,20140408,20110308,改名
1812,600711.SH,雄震矿业,20110304,20110705,20110303,撤销ST
1813,600083.SH,*ST博信,20110302,20120425,20110301,*ST
1814,600891.SH,ST秋林,20110301,20110831,20110222,完成股改
1815,000892.SZ,*ST星美,20110228,20130327,20110225,*ST
1816,600892.SH,*ST宝诚,20110228,20120425,20110225,*ST
1817,600403.SH,大有能源,20110224,20170326,20110216,改名
1818,600335.SH,*ST盛工,20110223,20120426,20110222,*ST
1819,000639.SZ,西王食品,20110223,,20110223,改名
1820,000602.SZ,*ST金马,20110218,20120415,20110217,*ST
1821,600365.SH,*ST通葡,20110216,20120815,20110215,*ST
1822,600678.SH,*ST金顶,20110201,20130203,20110131,*ST
1823,000536.SZ,华映科技,20110201,,20110201,改名
1824,600203.SH,*ST福日,20110127,20120425,20110126,*ST
1825,600760.SH,中航黑豹,20110124,20130401,20110120,改名
1826,000408.SZ,*ST金谷,20110118,20110525,20110118,改名
1827,600261.SH,阳光照明,20110111,,20110106,改名
1828,000883.SZ,湖北能源,20101223,,20101223,改名
1829,600184.SH,光电股份,20101213,,20101208,改名
1830,000561.SZ,烽火电子,20101208,,20101207,撤销*ST
1831,000801.SZ,四川九洲,20101130,,20101130,改名
1832,600824.SH,益民集团,20101126,,20101123,改名
1833,600506.SH,ST香梨,20101111,20120823,20101110,摘星
1834,000935.SZ,四川双马,20101101,,20101029,撤销ST
1835,600157.SH,永泰能源,20101029,,20101026,改名
1836,002113.SZ,ST天润,20101020,20110427,20101019,ST
1837,000738.SZ,中航动控,20101015,20170419,20101014,其他
1838,000607.SZ,华智控股,20101014,20110418,20101014,改名
1839,000818.SZ,*ST化工,20101013,20110929,20101013,改名
1840,000732.SZ,ST三农,20100930,20110529,20100921,其他
1841,002433.SZ,太安堂,20100930,,20100930,改名
1842,000557.SZ,*ST广夏,20100930,20160505,20100929,*ST
1843,000519.SZ,江南红箭,20100929,20170109,20100929,改名
1844,000796.SZ,易食股份,20100927,20151011,20100927,改名
1845,600372.SH,ST昌河,20100921,20110602,20100913,恢复上市加N
1846,600372.SH,NST昌河,20100920,20100920,20100913,其他
1847,002059.SZ,云南旅游,20100916,,20100916,改名
1848,000507.SZ,珠海港,20100916,,20100916,改名
1849,000034.SZ,ST深泰,20100914,20110331,20100913,摘星
1850,600728.SH,ST新太,20100913,20110807,20100910,摘星
1851,600187.SH,国中水务,20100826,,20100825,撤销ST
1852,002144.SZ,宏达高科,20100811,,20100811,改名
1853,000750.SZ,SST集琦,20100806,20110808,20100805,摘星
1854,600890.SH,ST中房,20100719,20120823,20100716,摘星
1855,000598.SZ,兴蓉投资,20100714,20150629,20100714,改名
1856,600892.SH,ST宝诚,20100709,20110227,20100706,改名
1857,600701.SH,工大高新,20100701,20160424,20100630,撤销*ST
1858,600340.SH,ST国祥,20100701,20111101,20100630,摘星
1859,600130.SH,ST波导,20100630,20120716,20100629,摘星
1860,600481.SH,双良节能,20100629,,20100623,改名
